username,date,variation,rating,comment
w*****e,2021-11-13 15:04:32,9in1,3,"Harga:murah
Kualitas:belom di coba
Ketajaman:belom dicoba

saya kasi bintang 3 soalnya seller malas packing. masa dikirim cuma pake box nya doang  ga dlapisin apa. klo barang sampe rusak gimana. lain kali kalo ga niat jualan gausah jualan aja."
f*****i,2021-09-14 13:41:18,9in1,5,"Harga:standar
Kualitas:baik
Ketajaman:belum dicoba semoga aja bagus

Kualitas produk sangat baik, produk original, harga produk sangat baik, kecepatan pengiriman sangat baik, respon penjual sangat baik,bagus sih sesuai sama yg di foto tapi ini penyuk banget kardus nya gak dipakein bublewrap dibungkus gitu aja untung sih dalem nya gak kenapa napa sukses selalu ğŸ¥°"
ayangep,2021-10-03 15:51:05,9in1,4,Masa gadipacking apapun cuma pake kardus yg ada difoto terus bolong pula:') warnanya minta pink dikasih biru. Tapi gapapa sih ya semoga pisaunya tajem terus kepake panjang ya aamiin. Thx!
isni_05,2021-10-29 20:34:34,9in1,5,"Harga:murah
Kualitas:bagus
Ketajaman:blm di coba br dtg

Alat serut yg aman utk jari ma ada wadah penampungannya jd ga berceceran ky py sy yg dulu ga ada wadahnya"
s*****3,2021-10-18 15:15:39,9in1,3,"Harga:lumayan
Kualitas:kurang rapi untuk packing nya, gak d lapisi apaÂ²,
Ketajaman:lumayan"
d*****i,2021-08-24 14:31:53,9in1,5,"Harga:Terjangkau
Kualitas:sesuai dgn harga
Ketajaman:pisaunya lumayan tajam tuk memotong sayuran

Alatnya sangat membantu tuk memotong sayuran"
putraxijo,2021-09-02 09:49:24,9in1,3,"Harga:harga cukup bersahabat
Kualitas:bagus 
Ketajaman:mantap

Pengiriman gk di paking pake buble cuma kardus tempat nya aja jd kardus ada sobek"""
shanum_shop30,2022-02-26 12:01:20,9in1,4,"Harga:murah
Kualitas:lumayan
Ketajaman:blom dcoba

Pengiriman cepet, packing nya kurang rapih kok ga dbks lapisin plastik lg cman gtu ja.. Lain x diperhatikan lg.. Mkasii"
hildahadid,2022-03-12 16:02:27,9in1,5,"Harga:affordable
Kualitas:ok
Ketajaman:ok

thx n success for ur bussinessâœ¨"
n*****n,2022-03-14 17:51:10,9in1,4,"Harga:Murah dibanding yang lain
Kualitas:Lumayan
Ketajaman:Belum Coba

Kotak datang dalam keadaan penyokÂ² bener, Alhamdulillah barangnya aman di dalam
Sarannya diperbaiki min utk packingnya, benerÂ² gda lapisannya"
s*****y,2022-03-14 14:20:43,9in1,5,"Harga:murce
Kualitas:mantuliti
Ketajaman:entah blm dicoba

Semoga awet ya cma bayar 1 perak doang, gila dpt barang sebagus itu, gtau lg lah hrs ngmg apa."
s*****d,2022-02-20 15:04:51,9in1,1,"Harga:-
Kualitas:-
Ketajaman:-

Nyesel beli brg byk gak dikirim semua.
Minta kirim ulang malah suruh beli lagi.
Respon datar, gak tanggung jawab.. Kecewa beli disini.. Makan tuh karpet lantai 8pcs. Gak recomended!!!"
ogi_agam,2022-02-27 11:23:14,9in1,5,"Harga:terjangkau
Ketajaman:lumayan

Harga terjangkau, kualitas sesuai harga"
r*****a,2022-03-02 13:06:26,9in1,5,"Harga:oke
Kualitas:oke
Ketajaman:oke

Alat parutan nya bagus banget murah aku bli pas harga Rp1 jd Gprl byr"
kartika_na_tourine,2022-02-09 18:44:26,9in1,5,"Harga:terjangkau
Kualitas:sesuai harga
Ketajaman:cukup tajam

Trimakasih seller semua ok"
kartika_na_tourine,2021-12-28 09:22:58,9in1,5,"Harga:terjangkau
Kualitas:blm tau
Ketajaman:belum tau

Trimakasih barangnya sudah sampai smoga bagus dan awet ğŸ™"
a*****7,2022-01-13 22:20:45,9in1,5,"Kualitas produk yang bagus, oke, semoga tokonya sukses dan amanah"
rukamana37,2021-11-29 17:54:35,9in1,4,"Pengemasan kurang baik, pengiriman cepat. Barang nya bagus tapi sayang pengemas an gak pakai bublewrap"
d*****1,2021-11-16 20:33:09,9in1,5,Bdh. Djb sij sjjw u wu. Wu. Eu. Us hu euh uebud heb usb hd hs u du hd u sh. Shb.  Hddjdb jdbd
sabrinazihannaishaalmaira,2021-11-15 18:29:13,9in1,5,"Harga:terjangkau
Kualitas:ok
Ketajaman:blm dcoba

ini pket cma pk dus bwaanny aja luarnya g pk plstik lg untung dlmnya g rusak bagus ğŸ‘ŒğŸ‘"
wahyuekof,2021-10-30 00:54:09,9in1,5,"Harga:ekonomis 
Kualitas:mantap
Ketajaman:barang ok sesuai dengan keterangan kelengkapan mantap 

Barang sampai dengan selamat sesuai pesanan pengiriman cepat respons pelapak baik"
z*****4,2021-11-17 20:56:33,9in1,5,"Produk yang dikirim sesuai dengan yang dipesan, produk nya bagus, pengemasan rapih"
n*****i,2021-11-01 07:15:35,9in1,5,"Pengiriman cepat
Packing aman
Harga terjangkau
Anakku suka
Tx seller"
adistiraratu,2021-11-08 17:14:41,9in1,4,"Barang oke, sayang banget pengemasannya luaaaama pol. Sampe lupa kalo ada orderan ini. Next harus lebih baik lagi. Thanks"
milarania,2021-10-08 15:31:57,9in1,5,"Harga:murah
Kualitas:bagus
Ketajaman:tajam

Alhamdulilah udh nyampe, tank's seller puas dengan barang nya"
tika.kurniawati,2021-10-11 20:32:51,9in1,5,"Harga:lumayan murah
Kualitas:baik
Ketajaman:belum di coba

Makasih seller pesenannya, barang yang di dapet bagus sesuai dengan pesanan, pengiriman juga cepat mkasih.."
okinade,2021-10-08 17:50:22,9in1,5,"Harga:terbaik
Kualitas:ok bgt
Ketajaman:luar biasa

Suka bangeettt ada tutupnya juga lagiii"
trywulansb,2021-09-13 14:25:29,9in1,4,"Harga:terjangkau
Kualitas:baik
Ketajaman:baik

Produk baik kecepatan pengiriman baik produk original harga produk baik"
e*****3,2021-09-19 16:06:05,9in1,4,"Harga:murah
Kualitas:lumayan

Tutupnya pecah karna pengiriman tidak dilapisi buble warp"
b*****_,2021-08-31 21:58:19,9in1,5,"Harga:standar
Kualitas:standar 
Ketajaman:standar 

Barang ori, pengemasan cepat, pengiriman cepat, barang oke, semua oke"
rizkiirayani,2021-10-14 12:32:14,9in1,4,"Harga:murah
Kualitas:sesuai harga
Ketajaman:belum coba

Semua oke cuma packing nya aja kurang bagus dan kurang aman"
m*****_,2021-08-28 20:43:06,9in1,5,"Sampai kalimantan dg selamatt. Terima kasih seller, sukses terus untuk kita semuuaaa"
raizelrtama,2021-08-19 15:03:10,9in1,5,"paket mendarat dengan baik..
produk sesuai deskripsi..
pastinya bermanfaat..
semoga awet..
nuhun.."
c*****6,2021-08-22 18:10:36,9in1,5,"Produk baik, kualitas baik,pengiriman cepat, semoga produknya awet"
k*****e,2021-08-24 19:10:54,9in1,5,"Harga:terjangkau
Kualitas:bagus, tebal

Sesuai dengan deskripsi"
aliyahmunawaroh2,2021-05-02 12:24:57,Warna Random/Acak,5,"Harga:muuuuurrrrraaaaahhhhh
Kualitas:baaagggggguuuuuussssss
Ketajaman:sangat tajammmmmmm

Bagussssss"
d*****2,2021-04-23 14:25:16,Warna Random/Acak,5,"Harga:terjangkau
Kualitas:terbaik
Ketajaman:bagus

Punya saya cuma patah pengupas wortel dan selebihnya aman dan dapat dipakai dengan baik
Terima kasihâœ”ï¸ğŸ˜€âœ”ï¸ğŸ˜€âœ”ï¸ğŸ˜€âœ”ï¸ğŸ˜€âœ”ï¸ğŸ˜€âœ”ï¸ğŸ˜€âœ”ï¸ğŸ˜€âœ”ï¸ğŸ˜€âœ”ï¸ğŸ˜€âœ”ï¸ğŸ˜€âœ”ï¸ğŸ—¿âœ”ï¸ğŸ—¿âœ”ï¸ğŸ—¿âœ”ï¸ğŸ˜€âœ”ï¸ğŸ—¿âœ”ï¸ğŸ—¿âœ”ï¸ğŸ—¿âœ”ï¸ğŸ˜€âœ”ï¸ğŸ˜€ğŸ˜€âœ”ï¸âœ”ï¸âœ”ï¸ğŸ¥°âœ”ï¸ğŸ¥°ğŸ¥°âœ”ï¸âœ”ï¸ğŸ¥°âœ”ï¸ğŸ¥°âœ”ï¸ğŸ¥°âœ”ï¸ğŸ¥°âœ”ï¸ğŸ¥°âœ”ï¸âœ”ï¸ğŸ¥°âœ”ï¸ğŸ¥°âœ”ï¸ğŸ¥°ğŸ¥°âœ”ï¸ğŸ¥°âœ”ï¸ğŸ¥°âœ”ï¸ğŸ¥°âœ”ï¸ğŸ¥°âœ”ï¸ğŸ¥°âœ”ï¸ğŸ¥°âœ”ï¸ğŸ¥°âœ”ï¸ğŸ¥°âœ”ï¸ğŸ¥°âœ”ï¸âœ”ï¸ğŸ¥°âœ”ï¸ğŸ¥°âœ”ï¸ğŸ¥°ğŸ¥°âœ”ï¸ğŸ¥°âœ”ï¸ğŸ¥°âœ”ï¸ğŸ¥°âœ”ï¸ğŸ¥°âœ”
"
n*****a,2021-08-02 17:59:28,9in1,5,"Harga:sesuai harga
Kualitas:ok bagus 
Ketajaman:ok tajam

Bagus suka Poko nya kalo yg ini mah ok agak penyok aja"
emmahardiyanti,2021-04-05 16:08:32,Warna Random/Acak,5,"Alhamdulillah barang sampai dengan selamat, baru pertama kali order disini tidak mengecewakan, hanya saja ko ini alat pemisah telur nya gak nyambung ke baskom nya yah beda sama yang di gambarğŸ‘ğŸ»ğŸ˜Š
Overall bagus ko makasih yah ka, semoga selalu amanah dan kalo bisa diskon ditambah ğŸ˜ğŸ˜‰"
aliyahmunawaroh2,2021-05-03 19:19:21,Warna Random/Acak,5,"Harga:lumayan murahh
Kualitas:bagussss
Ketajaman:tajaammmm

Harga Murmer kualitas bagussss semoga tahan lama soalnya blm pernah d coba "
f*****y,2021-05-21 20:34:38,Warna Random/Acak,5,"Harga:murah
Kualitas:lumayan

paket dh nyampe barang bgs, ada yg kurangc alat'a sprti di gambar. tp sayang tdk dilengkapi sama bublebwrap. sy beli barang yg 10ribuan  ribuan aja pake bubke wrap, tolong diperhatiin buat berikut'a makasihbğŸ™ğŸ»"
gavriela_shop,2021-05-04 13:43:08,Warna Random/Acak,5,"Harga:ok
Kualitas:ok
Ketajaman:ok

Selalu ngga ada kurangnya toko ini.. Teliti dalam pengiriman, kualitas barang oke, pengiriman cepat, harga ramah dikantong, saya sering beli untuk dijual kembali.

Selalu ngga ada kurangnya toko ini.. Teliti dalam pengiriman, kualitas barang oke, pengiriman cepat, harga ramah dikantong, saya sering "
lala_0611,2021-05-28 15:28:16,Warna Random/Acak,5,"Harga:super murah di bandingkan dengan toko lain
Kualitas:oke, bagus tidak ada yg cacat
Ketajaman:belum dicoba, semoga bisa dipergunakan sesuai kebutuhan

Barang akhirnya sudah sampai dirumah, pengemasan sangat baik sehingga barang sampai dalam keadaan baik dan tidak rusak, terima kasih seller"
a*****8,2021-04-18 10:12:04,Warna Random/Acak,5,"Mohon untuk mempacking barang saya dengan aman pakai BubbleWrap dan Box, jangan sampai salah dan jangan sampai ada barang yang kurang sewaktu di packing. Semua jumlah barang yang di packing harus sesuai dengan yang telah saya pesan, JANGAN SAMPAI SALAH!!! Tolong cek berulang kali!!! Pastikan produk "
a*****t,2021-04-05 17:50:52,Warna Random/Acak,4,"Bagus. Kualitas sesuai harga. Pengiriman cepat. Cuma pengemasan nya ga rapi, ada bolong gitu :("
fitri_astuti75,2021-07-25 20:39:22,9in1,5,"Harga:ok
Kualitas:ok
Ketajaman:pas

Praktis,cuma untuk lepasnya agak susah,tapi keren deh"
ivivitriyah,2021-07-31 13:35:20,9in1,5,"Harga:terjangkau
Kualitas:bagus
Ketajaman:blm di coba

Lucu sih ini warnanya kalem bahan jg kuat blm di coba tajem apa engga semoga awet. Sempet ada kendala di pengiriman lumayan lama chat admin responsif pas dikirim cma sehari sampe recomend buat yg lg cari perabot dapur"
yourtrolleyonline,2021-08-02 21:15:40,9in1,5,"Harga:ğŸ‘ğŸ»ğŸ‘ğŸ»
Kualitas:ğŸ‘ğŸ»
Ketajaman:belum dicoba, semoga gak mengecewakan

Barang diterima dengan baik, hanya saja saya masih gak terima dengan pelayanan toko yang ğŸ‘ğŸ»ğŸ‘ğŸ»ğŸ‘ğŸ» packingnya aja ngasal !!! Biaya ongkir sama packing yang diterima jompang bangetğŸ‘ğŸ»"
e*****a,2021-05-02 04:52:48,Warna Random/Acak,4,"Harga:terjangkau
Kualitas:bagus bukan abal abal
Ketajaman:cukup untuk buah dan bumbu"
l*****p,2021-05-27 12:01:51,Warna Random/Acak,5,"Harga:murah
Kualitas:oke
Ketajaman:lumayan

Barangnya semua sampe dengan selamat, tapi packing harusnya pake kardus aja sih biar rapi gitu. Tapi udah oke banget sih pake bubble wrap. Barangnya jg bukan yg murahan gitu, oke banget. Terima kasih"
ayuneputri,2021-05-08 22:45:01,Warna Random/Acak,5,"Harga:standart
Kualitas:Ok bingitss
Ketajaman: belum dicoba

Produknya semua lengkap
Sesuai deskripsi
Waktu pengemasan lumayan 
Packing aman rapi semuanya komplittt"
jamukuid,2021-05-10 16:12:46,Warna Random/Acak,4,Pengiriman cepat. Barang tidak sesuai dengan gambar.  Pisau nya kurang 1.  Pemisah telur beda dengan gambar nya.. Mohon penjual posting gambar sesuai dengan produk yg di jual supaya pembeli tidak kecewa spt saya. 
yukideswita,2021-04-24 19:19:38,Warna Random/Acak,5,"Harga:murah
Kualitas:bagus
Ketajaman:mantap

Sudah dicoba juragan..terima kasih ya kak"
y*****i,2021-05-10 09:44:26,Warna Random/Acak,4,"Harga:murah. 
Kualitas:belum tau, semoga awet lama. 
Ketajaman:belun tau karena belum dicoba. 

Perasaan nulis warna minta pink dikirim biru. Ya uda lah ya. Nasib yg beli gmn seller aja deh. Ha ha. "
liliannudji,2021-04-10 13:05:00,Warna Random/Acak,5,"Kualitas:sangat baik..bahan tebal..
Ketajaman:blm di coba tp sprtnya tajam..pokoke mantabz deh..ğŸ˜Š

Nyesel bli cm 1..yg ke 2 dst,nyusul ya..makadih seller..
Makasih jg u/ mas kurir yg baik n ramah..pengirimanpun sangat memuaskan..ga ada yg kurang ato lecet..ğŸ‘ğŸ‘ğŸ‘ğŸ‘ğŸ‘"
n*****e,2021-05-17 17:50:34,Warna Random/Acak,2,"Pengiriman cepat, packing rapi, cuma isi nya gak sesuai,  pihak toko juga gak mau tanggung jawab, katanya 12 in 1, tapi yg sata dapat 9 in 1. "
e*****a,2021-04-09 19:08:38,Warna Random/Acak,5,"Harga:murah
Kualitas:belum coba
Ketajaman:belum coba 

Pengiriman cepat pengemasan juga rapih.. baru kmaren tf skrang udah datang lagi.. tq seller.. aku cuma mau ngasih tau kl kiko enak tau"
s*****y,2021-08-01 16:28:01,9in1,5,"Harga:terjangkau
Kualitas:bagus
Ketajaman:cukup tajam

Barang bagus dan sesuai dengan pesanan"
linahari04,2021-05-04 21:30:21,Warna Random/Acak,5,"Harga:murah
Kualitas:baik
Ketajaman:tajam

Alhamdulillah pesanan sudah sampai pengemasan rapi pengiriman sangat cepat barang bagus kualitas ok terimakasih ğŸ™"
giyantiputri,2021-05-09 11:03:16,Warna Random/Acak,5,Produk original. Seller ramah dan fast respon. Packing aman dan pengiriman cepat. Luvv 
g*****i,2021-04-16 13:18:08,Warna Random/Acak,5,"Produk bagus, packing nya juga bagus, terima kasih ya pengiriman juga normal dan penjual fast respons,,sukses selalu ya usaha nya , reapict menyusul "
sarina0629,2021-05-20 16:21:20,Warna Random/Acak,5,"Harga:sangat murah
Kualitas:belum dibuka
Ketajaman:belum dicoba

ğŸ˜˜ğŸ˜˜ğŸ˜˜ğŸ˜˜ğŸ˜˜ğŸ˜˜ğŸ˜˜ğŸ˜˜ğŸ˜˜ğŸ˜˜ğŸ˜˜ğŸ˜˜ğŸ˜˜ğŸ˜˜ğŸ˜˜ğŸ˜˜ğŸ˜˜ğŸ˜˜ğŸ˜˜ğŸ˜˜ğŸ˜˜ğŸ˜˜ğŸ˜˜ğŸ˜˜ğŸ˜˜ğŸ˜˜ğŸ˜˜ğŸ˜˜ğŸ˜˜ğŸ˜˜ğŸ˜˜ğŸ˜˜ğŸ˜˜ğŸ˜˜ğŸ˜˜ğŸ˜˜ğŸ˜˜ğŸ˜˜ğŸ˜˜ğŸ˜˜ğŸ˜˜ğŸ˜˜ğŸ˜˜ğŸ˜˜ğŸ˜˜ğŸ˜˜ğŸ˜˜ğŸ˜˜ğŸ˜˜ğŸ˜˜ğŸ˜˜ğŸ˜˜ğŸ˜˜ğŸ˜˜ğŸ˜˜ğŸ˜˜ğŸ˜˜ğŸ˜˜ğŸ˜˜ğŸ˜˜ğŸ˜˜ğŸ˜˜ğŸ˜˜ğŸ˜˜ğŸ˜˜ğŸ˜˜ğŸ˜˜ğŸ˜˜ğŸ˜˜ğŸ˜˜ğŸ˜˜ğŸ˜˜"
lastore98.id,2021-05-22 19:21:40,Warna Random/Acak,5,"Harga:affordable
Kualitas:ok
Ketajaman:tajam

Akhirnya sampai jugaa paketnya.. walaupun agak lama pengirimannya, tapi blanja jadi puas karna barang yg dateng bagus.. bakal bisa kepake buat gantiin parutan yang rusak ğŸ‘"
n*****e,2021-06-18 15:10:34,Warna Random/Acak,5,"Harga:sekitar 20rb
Kualitas:bagus
Ketajaman:cukup baik

Barang sampai dengan cepat dan barang mudah untuk diganti ganti"
khelylay,2021-06-05 16:03:45,Warna Random/Acak,5,"Harga:baik
Kualitas:ok
Ketajaman:bagus

Bahan plastik ok kelihatan barang nya juga kekar lengkap semua semoga bermanfaat karena belum dipake tapi kelihatannya bagus kok"
bradleywenguo,2021-05-31 14:18:47,Warna Random/Acak,4,"Harga:standar aja plastiknya banyak bintik2 hitam 
Kualitas:plastiknya banyak bintik2 hitam kurang sni 
Ketajaman:tajam2 aja biasa"
syarifah.shop,2021-04-08 16:39:04,Warna Random/Acak,5,"Harga:mantap
Kualitas:pas
Ketajaman:belom dicoba

Alhamdulillah udah sampai... kirain aga besar.. tapi oke sangat... Semoga awett bermanfaat barang nya.. terimakasih ka â˜ºï¸â˜ºï¸"
yesungli,2021-07-26 12:06:44,9in1,5,"Harga:mantul
Kualitas:mantul bingit
Ketajaman:belum coba tp semoga tajam

Lucuuuu bentuk mickey mouse, bahan okk"
1*****i,2021-06-05 21:01:52,Warna Random/Acak,5,"Harga:lumayan 
Kualitas:bagus 
Ketajaman:bagus 

AlHamduLILLAH barang sudah sampai dengan baikkkkkkkk terimakasih banyaaaaaaaaaaaaaaaaaaaaaaaaaakkkkkkkkkkk"
nadine_alifia89,2021-05-29 13:37:30,Warna Random/Acak,5,Alhamdulilah barangnya sudah sampai... Makasih ya kak.. Warna kesukaan yg di kirim..
d*****g,2021-06-06 20:21:50,Warna Random/Acak,5,"Alhamdulillah produk diterima dgn baik, semoga bisa digunakan dg baik juga."
mimaarsakha,2021-06-05 08:54:49,Warna Random/Acak,5,"Seneng barang dikirim lengkapp sesuai orderan, seller amanah, pengiriman agak lambat its ok. Toko disini lengkap perabotan. Thankyouu"
a*****7,2021-05-16 18:44:51,Warna Random/Acak,5,"Harga:lumayan
Kualitas:bagus
Ketajaman:bagus

Ok lumayan cepat sampe di saat overload karna hari raya ,dan barang bagus beudd ,pas ok top"
w*****r,2021-04-06 21:10:29,Warna Random/Acak,5,"Shopee 4.4 haul check âœ”
Belum dicoba sih...semoga kuat yaa buat bahan yg keras2"
mahira_hasna15,2021-02-03 13:45:12,Warna Random/Acak,5,Terima kasih paket sudah nyampai cepet banget pengemasan dan pengirimannya
atiekraisy,2021-04-23 20:03:05,Warna Random/Acak,5,"pengiriman cepat, barang dateng komplit, mudah2n berfungsi baik dan awet"
r*****9,2021-05-12 05:43:51,Warna Random/Acak,5,"Harga:murag
Kualitas:bagus
Ketajaman:ok

Alat yg sangat berguna, meringankan pekerjaan ibu rumah tangga, ok pake banget ini "
m*****2,2021-05-08 23:49:12,Warna Random/Acak,5,"Kualitas produk sangat baik,kecepatan pengiriman sangat baik"
d*****5,2021-02-05 10:02:36,Warna Random/Acak,5,"Barang sesuai pesanan
Barang sesuai pesanan
Barang sesuai pesanan"
i*****a,2021-05-29 14:29:48,Warna Random/Acak,5,"Barangnya bagus tebel. 
Suka... 
Semoga bermanfaat ğŸ˜ğŸ˜ğŸ˜ğŸ˜ğŸ˜ğŸ˜ğŸ˜"
d1303,2021-05-12 12:21:10,Warna Random/Acak,5,"Barang ok harga baik 
Pengiriman ok
Pengemasan ok............"
rinasetyawardaningsih,2021-05-10 18:49:38,Warna Random/Acak,5,Bagussss sesuaiiii ekspektasi tp maaf foto gk sesuaiiÃ¬iii
y*****4,2021-04-16 21:51:59,Warna Random/Acak,5,Kalau lihat dari penampilan kayaknya oke... karena saya belum memakainya... mudah2an lancar memotong sayurnya... 
emilzahara,2021-03-17 19:47:09,Warna Random/Acak,5,"Harga:oke
Kualitas:bagus
Ketajaman:oke

Bahan bagus, sesuai Sama difoto,  bakal jadi langganan kedepannya inimah"
galeryheni_01,2021-04-07 17:51:41,Warna Random/Acak,5,"Harga:Terjangkau
Kualitas:baik
Ketajaman:baik

Alhamdulillah, aman ... barang sesuai pesanan ... thanks kak,"
reni2nuraeni,2021-07-31 17:12:59,9in1,3,"pertama kali nya saya belanja kaya gini
kecewa banget gk di bungkus sama sekali. kardussobek sobek"
novnov123,2021-02-15 19:38:32,Warna Random/Acak,5,"Bagus iniihhh warnanya juga suka thanks yah 
Sukses selalu"
e*****a,2021-02-13 18:37:48,Warna Random/Acak,4,"Barang sudah d terima. Semoga pisau nya bisa berfungsi dg baik. harga lumayan murah. Cepat smpai nya, makasih"
nengayu_collection,2021-04-29 14:24:29,Warna Random/Acak,4,"Harga:terjangkau
Kualitas:bgus 
Ketajaman:standar 

Sesuai harga. Multifungsi. Murah sesuai barang"
l*****9,2021-05-03 09:19:57,Warna Random/Acak,5,"Harga:lumayan terjangkau
Kualitas:produk sangat baik
Ketajaman:pisau sangat tajam."
r*****4,2021-03-06 00:08:18,Warna Random/Acak,5,"Pengiriman cepat, warna sesuai request alhamdulillah, barang bagus, mudah-mudahan awet"
w*****i,2021-06-01 01:12:46,Warna Random/Acak,4,"Pengiriman lumayan lama, barangnya lumayan lah sesuai harga. Terima kasih seller ..."
l*****a,2021-04-04 15:06:34,Warna Random/Acak,5,"Harga:murah

baguss kok sesuai ekspetasiii banget lumayan buat nambah koin"
visacosmetic,2021-05-23 00:29:04,Warna Random/Acak,5,"Bahan enak, pengiriman cepat, ga nyesel pesen di sini, recommended deh"
m*****h,2021-06-21 19:27:17,Warna Random/Acak,5,"Harga:murah
Kualitas:standar
Ketajaman:lumayan

lengkap gadak yang kurang sama sekali"
vch298,2021-02-01 17:36:22,Warna Random/Acak,5,"Sesuai harga, pengiriman sgt cpt walaupun minggu, very satisfied dgn kecepatan pengiriman dan service toko ini."
e*****h,2021-02-27 15:12:49,Warna Random/Acak,5,"pengiriman cepat, barang sesuai pesanan, pengemasan aman"
s*****i,2021-04-14 18:05:20,Warna Random/Acak,5,"Harga:Mantap
Kualitas:Mantap
Ketajaman:Mantap

Mantul mantap betul. Mansur mantap surantap. Mantul mantap betul. Mansur mantap surantap. "
0*****4,2021-02-06 22:19:27,Warna Random/Acak,2,"Maaf sebelumnya kak, tapi saran saya packing nya ditambahin lagi. "
n*****n,2021-05-07 12:32:48,Warna Random/Acak,4,"Harga:Terjangkau
Kualitas:baik
Ketajaman:baik

Seka sekali. Sebaguna. Gampang dan mudah motong apapun "
d*****y,2021-04-13 23:51:57,Warna Random/Acak,3,Barang okeh. Tapi pengemasan nya aja kurang. Mohon diperbaiki ya.
09wahyuniputry,2021-04-05 19:01:08,Warna Random/Acak,5,"Harga:ok
Kualitas:ok
Ketajaman:ok

Puas belanja di toko ini..
 Pengiriman juga cepet banget..bakal jadi langganan"
a*****t,2021-04-27 21:46:28,Warna Random/Acak,5,baguuuussssssss.. hvvvgbvvxvgdhuksvisjbdbbxhjdbfhfj
alfianbilfaqih12,2021-08-08 16:46:43,9in1,5,"Harga:murahh
Kualitas:bagusss
Ketajaman:lumayann

Bagus bgt sukaa"
n*****n,2021-05-07 12:31:32,Warna Random/Acak,4,"Harga:terjangkau
Kualitas:baik
Ketajaman:baik

Suka sekali. Bisa d jual Lg"
iwanfales79,2021-05-11 15:37:56,Warna Random/Acak,5,"Harga:ok
Kualitas:ok
Ketajaman:ok

Kwalitas ok,produk ok,hrg ok
Respon penjual ok"
d*****a,2021-04-09 14:30:31,Warna Random/Acak,5,"Harga:lumayan
Kualitas:baik
Ketajaman:belum di coba

Warna pastel suka kekinian banget, semoga awet dan bisa mempermudah masak di dapur nantinya terimakasih "
yanapriliyanti,2021-05-30 18:15:32,Warna Random/Acak,4,"Harga:di murahin dikit gppa kli yakğŸ˜
Kualitas:baguss
Ketajaman:baguss

The best pokoknyağŸ‘
Maaf g dibuka malesğŸ™
Bagus lengkapğŸ˜˜rekomen"
ikhapw,2021-03-27 15:04:36,Warna Random/Acak,2,"hahahhahahahaha, tdi udah nilai tpi shopee eror. mls bngt buat ngulangin"
meeayfs22,2021-05-26 10:37:16,Warna Random/Acak,5,"Harga:murahhhh
Kualitas:guttt bettt
Ketajaman:belum dicoba, semoga tajam dan awet

Sukakk banget, pengemasan dan pengiriman cepat. Kemarin baru pesan, hari ini sampai."
f*****y,2021-02-08 16:44:36,Warna Random/Acak,5,Lengkappppp. Jarga bersahabat. Kelihatan nya Awet. Semoga yaaa
nurtiantiwi,2021-05-20 17:20:30,Warna Random/Acak,4,"Barang nya ga sesuai sama gambar nya. 
Pisau nya kurang 1. Harus nya ada 12, tp cuma ada 11"
deborabotto,2021-06-17 12:31:54,Warna Random/Acak,5,"Harga:Murah
Kualitas:Bagus
Ketajaman:blm dicoba

Warnanya kayak ada bintik2 hitam sih.
 ya udah gakpapalah
Yg pnting paket dtg dgn slamat, gak pecah dll."
s*****_,2021-08-15 17:42:56,9in1,5,"Yaampun gemes bangettt parutannya, walaupun pengiriman nya agak lama tapi barangnya bagusğŸ¤©"
0*****_,2021-05-23 09:21:51,Warna Random/Acak,4,"Harga:sangat terjangkau
Kualitas:lumayan bagus
Ketajaman:lumayan tajam

Bisa membantu "
huigekshop,2021-07-25 17:37:36,9in1,5,"harga murah, kualitas ok, ketajaman belum di coba kurir ramah, packingan ok."
nidaamirotul28,2021-05-03 16:42:47,Warna Random/Acak,5,"Harga:lumayan
Kualitas:bagus

Produknya tidak mengecewakan, bagus.bagusbagusbagusbagusbagusbagusbagusbagusbagus"
1234eko_,2021-02-06 18:31:25,Warna Random/Acak,5,"Bagus semoga bermanfaat....
Aminnnnn
Makasih kak......."
dwiardi16,2021-04-24 09:01:27,Warna Random/Acak,4,Barang beda sama yang digambar.. barangnya juga agak kotor
noviachen94,2021-02-21 11:16:57,Warna Random/Acak,5,Kualitas bagus.. harga terjamin.. sesuai ekspektasi.. produk original...
anggialisha26,2022-02-16 13:36:52,9in1,3,
winnnd62,2021-10-11 22:31:51,9in1,5,Bagus tidak ada yg cacad sip sip murah gak kecewa
vinavana775534,2021-08-25 05:58:45,9in1,5,Harga:ekonomisss
sitirohanihani,2021-08-22 14:38:15,9in1,5,"Paketx  sdh nyampe , alhamdulillah  baik"
ratihlestari201195,2021-08-19 14:06:25,9in1,5,Brng bgus. Tengyu ya.
linabudiono2209,2022-03-02 09:11:38,9in1,1,"Ketajaman:biasa aja
Harga:biasa aja
Kualitas:jelek plastik spt plastik daur ulang

Kwalitas plastik nya kurang baik, mleyot , kecewa.. mau balikin  sulit prosedurnya .."
a*****6,2022-02-19 18:49:28,9in1,4,"Mantap dan recomended
Produk original 
Harga produk murah meriah"
blackjack100,2021-12-12 02:06:02,9in1,2,"Harga:standar lah
Kualitas:lumayan lah 
Ketajaman:tajam

Kecewa sih... Pengiriman tanpa dibungkus yg rapih... Hanya kardus aslinya nya aja, kalau barang rusak dlm pengiriman bagaimana...untuk penjual tolong jaga kualitas jika mau di kirim tolong lah di bungkus yg rapih agar pelanggan tdk kecewa"
d*****5,2021-11-11 11:41:02,9in1,4,Alatnya bagus gaada cacat. Harganya lebih miring daripada lain. Tapi pengemasan kurang ya. Karena nggak dilapisi plastik. Kardus nya jadi robek. Padahal mau dibuat kado
5tbj_q_5oy,2021-02-01 11:47:08,Warna Random/Acak,5,Top watkotop sesuai expektasi lah barang aman
desiciecie,2021-05-01 01:08:00,Warna Random/Acak,5,"Harga:murah
Kualitas:mantap
Ketajaman:mantap

mantap ka, udah di coba, tajam nya mantap.. pokok nya okelah.. mantul"
jeffoambon,2021-02-11 10:48:30,Warna Random/Acak,5,"Pengemasan agak lama,, mungkin krn 2.2"
rima_1709,2021-01-28 17:00:34,Warna Random/Acak,5,Bagus suka...scptnya pingin di cb
niereny,2021-04-26 18:39:18,Warna Random/Acak,5,"Barang sudah sampaiii,,,, cepetttt oke barang nya,,,, harga terjangkau "
nay_disini,2021-05-20 12:41:41,Warna Random/Acak,5,
a*****n,2021-08-22 22:15:45,9in1,5,"Harga:murah
Kualitas:ok
Ketajaman:belum dicoba

Aku suka tapi belum dicoba semoga memuaskan"
d3wamr23md,2021-01-31 15:13:11,Warna Random/Acak,5,"Real pict banget...
Pengiriman cepat...ğŸ‘ğŸ‘ğŸ‘"
7l2iu88ljj,2021-05-12 15:00:42,Warna Random/Acak,5,"Harganya lumayan, kualitas bolehlah dan ketajaman  lumayanlah ... terimakasih"
elissiti250675,2021-05-05 12:52:50,Warna Random/Acak,5,
cicihmintarsih189,2022-02-02 13:41:01,9in1,4,
reginanp04,2022-01-15 22:13:14,9in1,5,
ngsrahsuredi,2021-10-29 11:37:34,9in1,5,
yurliyanti,2021-05-06 08:33:10,Warna Random/Acak,5,
elitsitirahayu,2021-02-03 21:17:56,Warna Random/Acak,5,
titayunia20,2021-05-06 19:56:20,Warna Random/Acak,5,
spjs5mcxfb,2021-05-06 21:07:34,Warna Random/Acak,5,
bkmstoresragen01,2022-03-06 19:32:10,9in1,3,"Kualitas:standar t
Harga:standart

Silahkan dinilai sendiri.kirim paket dari jauh.cuma kayak gitu doang.tanpa dibungkus apapun lho ya.kayak ga niat gitu.astaghfirulloh pesanan orag eeee"
auliafinaryati,2022-03-06 13:06:47,9in1,5,"Bagus, langsung dipake masak, gampang makainya, siip ngebantu banget deh"
sukiyanto810,2022-03-03 17:24:36,9in1,5,"Harga:1 rupiah
Kualitas:bagus
Ketajaman:belum di coba tp kyknya tajem

Alhamdulillah dapet rejeki makasih ya..."
4b4b1l4b4,2022-02-25 16:14:54,9in1,4,"Ketajaman:sedang
Harga:murah
Kualitas:sedang

Bermanfaat"
asep.agusc1,2022-02-11 21:20:39,9in1,4,"Harga:murah
Kualitas:bagus
Ketajaman:muantul

barang sudah nyampe dengan selamat,lumayan belum di coba tapi lumayan bagus siiiip nex order"
shinta_amalia18,2022-02-07 22:22:17,9in1,5,"Ketajaman:tajem banget.
Harga:murah
Kualitas:baguss

Tapi sayang pisau serut nya kurang satu."
st0re.desain,2021-12-31 15:56:19,9in1,5,"Barangnya sesuai gambar, pengemasan baik pengirimanpun cepat pokoknya mantul ğŸ‘,Maaf nggk sesuai gambar"
b*****k,2021-11-13 22:11:07,9in1,3,buktilah yg berbicara aku buka mash ada kurirnya.dtg sudah begitu kardus robekan lakban kiri kanan.sudah kebuka .bertahun2 belanja di shopee baru kali ini yg aneh.barng sesuai harga.
lindisari19,2021-10-21 22:35:50,9in1,5,"Harga:h
Kualitas:bb
Ketajaman:bn

sukaaaaaaaaaaaaaaaaaaaaaaaaaaaaaaaaaabnnnnnnnn"
y*****5,2021-09-05 12:41:37,9in1,5,"Harga:Baik
Kualitas:Baik
Ketajaman:Belum dicoba

Kualitas produk sangat baik, produk original, harga produk sangat baik, kecepatan pengiriman sangat baik. Sukses terus untuk sellernya. Maaf foto dan videonya engga sesuai produk."
z*****l,2021-09-13 20:19:14,9in1,5,"Harga:murah meriah
Kualitas:cakep buanget, plastiknya ga kaleng kaleng
Ketajaman:belom dicoba

Pengiriman cepat. Produk bagus. Hanya saja packing tidak dibungkus plastik atau bublewarp. Tapi overall puas sih sama barangnya. ThanksğŸ‘"
supadi1970,2021-11-06 13:43:31,9in1,5,"Harga: Terjangkau
Kualitas:Bagus
Ketajaman: Tajam

Rekomended seller"
39bos0kx3x,2022-03-01 20:30:10,9in1,5,"Kualitas:ok lumayan
Ketajaman:ok
Harga:rp1 pengguna baru

Paket nya sudah sampai, ada yang potong, tapi ga papa lah masih bisa di lem"
yanahsuryanah30,2022-02-19 13:44:33,9in1,1,"Harga:murah
Kualitas:sesuai harga
Ketajaman:blum dilcoba.karena pas sampai brang sdah pecah

Barang pecah,mungkin krena pengemsanx kurang sefti.trus psan warna pink dtang warna lain."
dewq_ol,2021-10-21 15:44:16,9in1,5,"Harga:ok
Kualitas:lumayan
Ketajaman:belum Di coba

Pengiriman ok, Di bungkus bagus good seller ğŸ‘"
e*****t,2021-09-21 21:47:01,9in1,1,"Harga:biasa
Kualitas:biasa 
Ketajaman:gatau

Ini toko ga amanah jelas2  barang nya kurang ga mau di tuker lagi ğŸ˜’padahal kan di deskripsi nya klo barang kurang bisa di tuker . Mana yg kurang yg bagian intinya LG. saya minta tuker dari mulai baik2 sampai emosi ga di denger  gada tanggung jawab nya ni toko . Parutannyagaguna astagfirullah ğŸ¥º"
neneng_89,2021-09-23 16:30:04,9in1,4,"Harga:Murah 
Kualitas:Okee
Ketajaman:Belum di coba 

Kok sekarang dikit banget ya pointnya..."
destiyusti,2021-09-08 19:26:32,9in1,5,"Harga:murah
Kualitas:bagus
Ketajaman:belum dicoba semoga tajam

Alhamdulillah barangnya udh sampai, harga paling murah di antara toko lain..belum di coba mudah2 an awet barangnya. Thankyou seller."
s*****o,2021-08-09 17:21:13,9in1,1,"Maaf Ka saya beri bintang 1,Saya sangat kecewa sekali produknya dikasi tidak lengkap, penjualnya jg tidak teliti."
c*****i,2021-09-13 18:45:08,9in1,5,"Kualitas produk sangat baik, produk original, harga produk terjangkau"
antesmayangasri,2022-03-04 15:55:08,9in1,5,"Kualitas:lumayan
Ketajaman:oke
Harga:standar

Terimakasih parutannya sudah sampai , bagus lah . Harga standar ."
putriyona21,2022-03-05 18:36:27,9in1,5,"Bagus banget, serbaguna banget barangnya meskipun agak dekil dekil dikit heheğŸ¥°âœŒï¸âœ¨"
wulanw0410,2022-03-03 17:36:39,9in1,3,patah ko dikirim. patahannya ada d dalam bowl ny pula. QC ny dibenerin lg ka
sandhinoni,2022-03-07 13:55:29,9in1,3,Parah SCH ini baranynya gak dikemas dkrim kaya gini aja ..gak safety bgtt SCH ğŸ‘ğŸ‘ğŸ‘ğŸ‘ğŸ‘..
imam.dp,2022-03-01 19:45:41,9in1,5,"Harga:lumayan
Kualitas:standar
Ketajaman:lom dicoba

Barang sdh ditrima komplit ,pengiriman agak lmbat qualitas sesuai harga ,mudah2n berguna& ,awet ,.lumayan buat bntu2 emak didapur..ğŸ˜ğŸ˜ğŸ‘"
erynadja,2022-03-05 16:59:16,9in1,5,"Barang sudah dtg, pengiriman cepat. Masih nyoba ni cara pakainya. Barang bagus sesuai gambar. Semoga bisa membantu masak2 ni biar lbh cpt, praktis, semoga awet. Mksh sophee, bakal jadi langganan di toko ini."
w*****a,2022-03-13 18:46:37,9in1,5,Terima kasih Bos....awalnya saya ga yakin kalau harga Rp. 1 bisa dapet barang sebagus iniğŸ˜Š. Saya benar-benar puas dengan pelayanan nya.
store.okt,2022-03-11 12:08:25,9in1,4,"Lumayan baguss dengan harga segitu, cuman syg gak di packing dengan rapih. Langsung kardusan aja, jdi terkesan asal"
khalisaputri942,2022-03-05 23:39:16,9in1,5,Harga:barang sudah sampai trima kasih bnyk kakak...semoga awet...ğŸ˜
kamilasyahira874,2022-03-02 18:59:17,9in1,3,"Harga:murah

yang lain sudah bagus, cuma itu patah pada tatak.an yg putih"
chobershopp,2022-02-19 11:09:39,9in1,5,"Harga:bersaing
Kualitas:oke lah
Ketajaman:belom nyobain

Kalau ada yang butuh layangan bisa lihat di shopee chobershopp...
Maaf iklan sedikit ğŸ˜ğŸ˜ŠğŸ™"
d*****s,2022-01-22 19:52:17,9in1,3,"Kualitas:baik
Ketajaman:blm di coba
Harga:terjangkau

pengemasan kurang rapi , banget cuma kardus doang..tolong cara kemasnya lebih baik lg"
septifiierpsps,2021-12-29 16:15:10,9in1,5,"Ketajaman:tajam
Harga:murah
Kualitas:bagus

Terima kasih pesanan sudah datang pengiriman nya cepat sekali pengemasan rapi dan barang nya sesuai dengan di poto bagus dan suka sekali"
rahmassho,2021-12-30 19:14:58,9in1,3,"Harga:mahal
Kualitas:plastik
Ketajaman:belum tau karna belum dicoba

gak sama dengan gambar"
snbshop.id,2021-11-03 13:18:17,9in1,5,"Harga:bahus bagus 
Kualitas:bagus 
Ketajaman:tajem

Ogitgicjviggkgkfhdgsthxhfigigogkfifififififjcnvkvkvjcjcucufifufufirufifififififigigigififkfkcificjficjcjcjcjvjvkvkcovifufififudyetw eurududufufivogigifirufjcjfkvkvkvkgififififid yg wafasyfkgoglhlgkvkfjfufufudye wa qtshfjfjgkgk"
ummifauzan,2021-11-18 05:07:24,9in1,4,"Harga:terjangkau
Kualitas:lumayan 
Ketajaman:tajam"
astrinoviyanti2803,2021-11-15 19:08:27,9in1,3,"Pengemasan nya kurang baik, karena tdk di bungkus lagi , sehingga kotak penyok"
nurcyankdiie,2021-11-19 17:20:39,9in1,5,"Harga:murah
Kualitas:oke
Ketajaman:blm dicoba

pengemasan kurang rapih, barang oke."
dwinursuciati,2021-11-04 08:07:39,9in1,4,"Harga:ok
Kualitas:blm dicoba
Ketajaman:blm dcoba

Warna ok ."
githalestari23,2021-09-20 11:17:16,9in1,5,"Harga:ok
Kualitas:bagus
Ketajaman: bagus krn sdh saya coba 

Packing nya aja yg Ngasal ya, liat aja yg saya foto.. dikirimnya lgsg dus bgtu, tidak ada bungkusan plastik hitam atau plastik kemasan. Tolong di ubah cara pengemasannya ya."
ikmal_store,2021-09-21 19:02:28,9in1,5,"Barangnya sudah sampai ,barangnya bagus sesuai tapi sayang packingnya kurang aman cuman dus saja ,tolong di tingkatin lagi min buat packingnya ğŸ’ª"
wulanrisna,2021-09-27 05:55:35,9in1,4,"Harga:terjangkau
Kualitas:ok
Ketajaman:oke

Serbaguna barangnya, murah jugaa, kpake bwt emak emak......jempol deh"
grasyafra,2021-08-08 13:21:00,9in1,5,"Harga:muraaaaahhh
Kualitas:baguuuuuss
Ketajaman:lumayaaaaann

Tokonya serba ada, harganya muraaahhh bangeeettt, jadi beli berbagai jenis perlengkapan rumah di toko yg sama, walaupun ga bisa request warna tapi lumayaaann lah"
n*****a,2021-08-06 21:42:22,9in1,5,"Harga:murah meriah
Kualitas:ok bagus
Ketajaman:sangat tajam

Maaf foto nya dah di kasih buat kado temanku tapi barang nya ok bagus ini"
g*****2,2021-09-16 12:25:46,9in1,5,"Harga:terjangkau
Kualitas:bagus
Ketajaman:bagus

Barang sesuai pesanan, Alhamdulillah tidak ada yg pecah walau kondisi kotak nya penyok.. waktu di coba pisau nya tajam dan penghancur bawang juga berfungsi"
pmks01,2021-09-12 14:42:14,9in1,4,"Harga:ok
Kualitas:ok
Ketajaman:blm coba

Produk sesuai pesanan, pengiriman barang cepat, packing rapi dan memuaskan"
deza101016,2021-09-08 15:12:44,9in1,3,"Harga:murmer
Kualitas:ok
Ketajaman:belum d coba, mudah""n Tajam&awet

Maaf,agak kecewa d pengemasan, gk ada tambahan pengemasan kardus atau bable wrep, tp gpp alhamdulillah mulus"
sth4ymf7jo,2021-10-08 10:48:48,9in1,5,"Harga:standar
Kualitas:baik

Dikira ada 12 ternyata ada 9... ğŸ˜... alat gagang buat ngupas nya gk ada"
d*****y,2021-09-26 14:16:57,9in1,5,"Harga:murah
Kualitas:bqgus
Ketajaman:lumayan tajam

Terimakasih banyak barang sesuai pesanan maaf telat kasih nilai  karena kesibukan bahan bagus"
nathalie1612,2021-09-14 19:13:56,9in1,5,"Harga:murah
Kualitas:bagus
Ketajaman:bagus tajam

Bahannya bagus, agak tebal."
anni_ms,2021-08-16 13:51:25,9in1,5,Mantap barangnya sesuai dan berfungsi dengan baik beli banyak semua barang datang sesuai pesanan
ningrumayuningtiyas,2021-09-30 13:38:44,9in1,5,"Harga:sangat murah
Kualitas:bagus 
Ketajaman:tajem d pakai gampang ğŸ‘"
s*****8,2022-02-24 13:41:31,9in1,5,"Harga:terjangkau
Kualitas:bagus
Ketajaman:tajam di bandingkan yg lain

Ini beli untuk kedua kali nya karna tajam bngt di pake buag keripik jngn rekomended yg lain kebanyakan gaj tajam"
h*****z,2021-04-30 01:20:50,Warna Random/Acak,2,"Harga:biasa
Kualitas:biasa
Ketajaman:biasa

Tidak sesuai gambar dan saya tanya bagai mana caranya karna pemisah kuning telurnya tidak bisa di cantolin di tempat birunya jafi harus dipengagin ribett 
Dan admin nya gak mau disalahin pura2 gak tau
Barang lumayan bagus ehh penjualnya begitu pura2 gak tau udah dikasih tau beda padahal Liat fotonya"
dyahkartika.14,2021-08-17 07:39:41,9in1,5,Langganan banget beli disini..barangnya cepet sampe...barangnya ok banget pokoknya .mksih ya..sellau jadi langganan...kerennnn
esaandriana,2021-05-18 09:38:24,Warna Random/Acak,4,Dua kali pesan gak gagal..terimakasih seller..gak nyesel lah
cepi.ok,2021-05-28 18:35:37,Warna Random/Acak,5,"Harga:ğŸ‘
Kualitas:ğŸ‘

Pengiriman agak telat.. murmer.. pengepakan kurang rapih ,sobek..pesan utk  penjepit anti panas 2 pcs.. dtg hanya 1.."
seprei_berkah,2021-08-10 19:33:01,9in1,4,"Harga: baik
Kualitas:baik
Ketajaman:baik

PACKING AJA DI BENERIN.. KASIHAN  kalo barang sampai rusak... Entar toko kakak yg rugi kalo barang sampai di balikin"
pacifix_signature,2021-01-26 21:47:25,Warna Random/Acak,5,"Produk ok, belum dipake, semoga aja awet, packingnya manteb, pengiriman pun cepat, recommended seller "
s*****y,2021-02-10 10:28:55,Warna Random/Acak,5,Lee Dong-min lebih dikenal dengan nama panggungnya Cha Eun-woo adalah penyanyi dan aktor asal Korea Selatan. Ia merupakan anggota dari grup vokal pria asal Korea Selatan
hazael17,2021-07-29 21:22:51,9in1,4,"Diterima lengkap, pengiriman agak lama, packing dus asli tidak double lagi, akibatnya tutup plastiknya retak"
a*****t,2021-04-28 13:52:04,Warna Random/Acak,5,"Harga:lmyan
Kualitas:lmyan
Ketajaman:blm D coba

Mkasih D Terima dgn aman.... Tp beda dengan gambar yaaa... ğŸ˜¢ğŸ˜¢ğŸ˜¢ğŸ˜¢ğŸ˜¢ğŸ˜¢ğŸ˜¢ğŸ˜¢ğŸ˜¢ğŸ˜¢ğŸ˜¢ğŸ˜¢ğŸ˜¢ğŸ˜¢ğŸ˜¢ğŸ˜¢ğŸ˜¢ğŸ˜¢ğŸ˜¢ğŸ˜¢ğŸ˜¢ğŸ˜¢ğŸ˜¢ğŸ˜¢ğŸ˜¢ğŸ˜¢ğŸ˜¢ğŸ˜¢ğŸ˜¢ğŸ˜¢ğŸ˜¢ğŸ˜¢"
dwi_bida,2021-02-11 19:11:29,Warna Random/Acak,5,Kereeeennnn.... Smoga berfungsi dgn baik dan awet... Smua item lengkap. Trmksh. Dus agak2 penyok ga masalah.. Wajar kok.
r*****a,2021-04-29 19:03:56,Warna Random/Acak,4,"Harga:Terjangkau
Kualitas:Bagus
Ketajaman:Bagus

Saya kira produknya besar seperti di foto warna pink, tapi ternyata tidak sesuai gambar. Tapi untuk keseluruhan barang nya oke kok. Terima kasih seller"
dinekania72,2021-05-21 16:04:09,Warna Random/Acak,5,"Harga:ok
Kualitas:ok

Pesanan sudah sampe, semuanya komplit, semoga awet, kecepatan pengiriman standar, makasih seller"
yuni456456,2021-05-31 18:57:10,Warna Random/Acak,5,"Barangnya lucu menggemaskan , agak sedang yah , gak gede2 amat cocok nih buat anak kosan pisaunya banyak dan tajam ğŸ˜ jadi bisa Gonta ganti sesuai varian yg diinginkan."
yeniernizahasra,2021-05-27 21:18:47,Warna Random/Acak,4,Coba ya packing nya yg rapi jgn cuma pakai kardusnya nggak dibungkus lg pakai plastik biar kelihatan rapi
raflymelly,2021-05-02 14:55:28,Warna Random/Acak,5,"Harga:lumayan murah
Kualitas:bagus
Ketajaman:blm coba

Paket sudah keterima 
Bagus sih
Tapi modelnya beda sama yang di foto
Ya sudahlah gpp "
sani.olshop19,2021-05-06 21:06:55,Warna Random/Acak,5,"Harga:lumayan 
Kualitas:bagus
Ketajaman:belum coba 

Bagus barang nya multifungsi bgt. Cocok buat bu ibu yg suka masak. Makasi seller "
adjicengarcengir,2021-05-30 13:53:06,Warna Random/Acak,5,"Harga:harga sesuai
Kualitas:bagus
Ketajaman:tajam

Barangnya sesuai harga tajam2 juga pisaunya ....memudahkn emak2 masak trima kasih"
g*****o,2021-04-08 17:09:14,Warna Random/Acak,4,"Harga:good
Kualitas:not bad 
Ketajaman:kurang tajam

Ngak sesuai dengan gambar"
liansan15,2021-02-26 12:08:48,Warna Random/Acak,5,"Harga:murah
Kualitas:bagus
Ketajaman:lumayan

Barangnya cepat sampai"
anjaniprasetyo02,2021-02-18 16:07:58,Warna Random/Acak,5,"Produk bagus, barang yang dateng lengkap cuma pengasan aja yang lama tapi tetep recomended lah lihat brangnya tks seller
ğŸ˜ğŸ˜"
s*****s,2021-04-16 13:15:09,Warna Random/Acak,5,"Paketnya komplit, pisau ada 4 buah, barangnya juga bagus thankyou"
adyyatma444,2021-04-27 04:49:34,Warna Random/Acak,5,"Harga:terjangkau
Kualitas:bagus
Ketajaman:belum di coba, semoga tajam

Barang sampai dengan cepat , alhamdulillah aku suka"
aasasmuni,2021-04-07 15:23:41,Warna Random/Acak,5,"Barang sampai dengan baik terimakasii............,........."
,2021-02-27 20:07:23,Warna Random/Acak,5,"Pesanan diterima dengan komplit, tidak kurang satupun, smua berfungsi dengan baik, pengiriman cepat, pengemasan baik, thanks seller"
putri_dewtami1302,2021-01-27 20:45:52,Warna Random/Acak,5,"sudah sampai, realpict banget, sukaaa, makasiih......."
tina.shania0610,2021-05-11 21:28:36,Warna Random/Acak,5,"Harga:ok
Kualitas:ok
Ketajaman:bagus

Semoga awet makasih banyak semoga bisa beli lagj kedepannya"
abigailyanti,2021-05-09 00:41:10,Warna Random/Acak,5,"Quantity dan quality ok banget. Semoga awet
Harga sgt terjangkau.
Pengiriman termasuk cepat
Thanks seller"
zahriana1,2021-07-24 11:33:28,9in1,5,"Harga:Terjangkau
Kualitas:Bagusss
Ketajaman:Tajamm

Sangat puas ğŸ˜"
nadyamulyani299,2021-04-18 11:11:51,Warna Random/Acak,5,Wah cepet juga dateng kemaren pesen dan hari ini sampai dan soal harga cocok lah sama barangnya
dewi198301082009122001,2021-04-16 19:20:36,Warna Random/Acak,5,"Sesuai pesanan, packing rapih, harga sangat terjangkau, multi guna. Makasih"
m*****d,2021-04-05 23:20:40,Warna Random/Acak,5,Bagus bngt pokonya GK ada lawan dah murah bagus GK ngecewain pokonya mantap......
h*****t,2021-05-20 12:01:17,Warna Random/Acak,5,"Harga:murah
Kualitas:baik
Ketajaman:blm dicoba

Lengkap 
Bagus
Warna bagus9
Jetajaman blm dicoba"
m*****t,2021-04-14 10:54:37,Warna Random/Acak,5,"Alhamdulillah semua barang yg saya terima dalam keadaan baik, kualitas nya sangat baik"
hermandsd,2021-04-05 19:11:23,Warna Random/Acak,4,KualitaÃŸs produk baik produk orginal harga produk baikkkk
ardi.4rd1.b4kr1,2021-08-11 06:07:35,9in1,5,"Harga:Bagus
Kualitas:bagus
Ketajaman:Bagus

Kualitas barang-barang bagus"
a*****u,2021-04-19 16:33:29,Warna Random/Acak,5,"Beli ini waktu shopee 4.4, sampai emang agak lama karena pakai kargo tapi kualitas barangnyaa bagus semuaa, suka deh â¤"
pipit.idris8182,2021-04-13 12:58:57,Warna Random/Acak,5,"Harga:murah
Kualitas:bagus
Ketajaman:bagus

Bagus.. "
chikaeiko,2021-07-25 14:51:34,9in1,5,"Harga:bersahabat
Kualitas:bagus
Ketajaman:bagus

Rekomended"
suh4rna,2021-02-27 14:50:02,Warna Random/Acak,4,"Harga:murah
Kualitas:belum.tahu
Ketajaman:belum tahu

Minta warna pink dikasih biruğŸ¤¦â€â™€ï¸"
susanti_oktaviani27,2021-04-25 14:57:33,Warna Random/Acak,5,"Harga:lumayaaan
Kualitas:baguuuus
Ketajaman:lumayaaaan tajam

Warnaa nya baguuuuuuus"
r*****y,2021-04-25 21:59:37,Warna Random/Acak,5,"Harga:lumayan 
Kualitas:lumayan
Ketajaman:lumayan

Lumayan lah"
nenengsf2410,2021-04-30 13:01:00,Warna Random/Acak,5,"Harga:Lumayan lah
Kualitas:biasa
Ketajaman:belum dicoba, haha

Alhamdulilah barang datang juga, buat ibu untuk menebus kesalahan atas rusaknya alat seperti ini juga, ğŸ˜‚ "
annahaniifameila,2021-05-25 11:52:11,Warna Random/Acak,5,"Harga:ok
Kualitas:bagus sesuai ke inginan warna nya padahal g riques warna kebeneran di kasih warna kesukaan"
larasdwie29,2021-04-09 18:08:18,Warna Random/Acak,2,"Harga:terjangkau
Kualitas:bagus
Ketajaman:belum dicoba"
kurniasihrafasya2708,2021-05-17 14:54:02,Warna Random/Acak,5,"Harga:bagussssssssssssssssssss
Kualitas:bagusssssssssssss
Ketajaman:bagusssssssssssss

bagusssssssssss"
1yn1_8qb03,2021-06-17 18:42:14,Warna Random/Acak,1,Digambar tunjuk 12 in 1 apa nya yg 12 in 1 tak ada pun Sampek 12 in 1 barangnya nyampek di gambar aja buat org tergiur 
fdat56rdn1,2021-05-03 14:20:13,Warna Random/Acak,3,Barang tidak sesuai digambar kak.sedikit mengecewakan sih.....
shayna_azzahra,2022-03-08 19:55:27,9in1,5,
rafandraraja,2022-03-06 13:42:15,9in1,5,
teuku_,2022-03-03 00:50:02,9in1,5,Produk bagus aman dan toko ini ramah tidakkk nyesal belanja disini mantap lah mantap benar deh puas belanja disini
sinyoadi906,2022-03-14 10:39:30,9in1,5,Barang sudah sampai dan sangat bagus
bundaramaakbar3,2022-03-04 00:36:20,9in1,5,
dedehopipah,2022-02-15 22:22:50,9in1,5,
k*****s,2022-02-24 18:15:30,9in1,5,
ais23shop,2022-02-02 19:22:00,9in1,5,
syinis45,2022-01-16 08:11:47,9in1,5,"Harga:murah
Kualitas:bagus kokoh
Ketajaman:tajam banget

Pengemasan cepat dan aman karena tambah bubble wrap..
Pesen banyak item, alhamdulillah gak ada yg miss"
trisumarmi,2022-01-12 18:05:30,9in1,5,
definaardianti,2021-12-27 13:27:40,9in1,5,"Harga:lumayan 
Kualitas:bagus"
rantra01,2021-12-08 17:37:30,9in1,5,
fitriirawati95,2021-12-06 18:31:16,9in1,5,"Harga:murah 
Kualitas:oke bagus 
Ketajaman:oke"
ipungwiyono,2021-11-24 19:16:37,9in1,3,"Barang gak di plastik ,kerdus peyok"""
southbek.thrifting,2021-10-20 14:11:34,9in1,5,
f*****0,2021-10-14 23:44:44,9in1,5,
watykahar,2021-10-22 22:23:21,9in1,5,
eldasuleman,2021-10-03 16:48:58,9in1,5,
yulianitakimlee,2021-09-01 19:34:09,9in1,5,
0nm0xonh0n,2021-09-15 02:30:00,9in1,5,Paketan sudah sampai dengan baik terimakasih ğŸ™
awiedewifarida,2021-09-03 12:18:50,9in1,5,"Harga:standard
Kualitas:baik
Ketajaman:baik"
tantialiyansyah,2021-09-04 16:19:58,9in1,4,"Tidak dibungkus lagi langsung dus ;(
Barang bagus"
gustin_hawa13,2022-03-06 15:20:36,9in1,5,"Harga:murah
Kualitas:belum dicoba
Ketajaman:belum dicoba

Agak susah masang kotak pisaunya tp akhirnya bisa jg tp blm dicoba utk ngiris, semoga berfungsi dg baik"
risqinovi.10,2022-03-02 09:50:44,9in1,4,"Ketajaman:ok
Kualitas:lumayan dg harga segitu

Tapi pas dibuka punyaku ada yg patah"
cherynsa,2022-03-01 22:44:28,9in1,3,Kualitas:PENYANGGAH PARUTAN DATANG DENGAN KONDISI PATAH ğŸ¥²
suny_dika,2022-03-11 22:43:42,9in1,4,"Harga:murah
Kualitas:Lumayan

Agak ringkih bahan nya.tp ok lah mursida"
dyanna0707,2022-03-07 02:48:40,9in1,2,"Kecewa,pengemasan ny buruk sekali.isi dalam ny jg dk lengkap"
bayanurdin,2022-03-09 20:46:22,9in1,5,"Alhamdulillah kondisi barang baik
Hanya packiging tidak rapi, hingga dusnya gampang dibuka, saya terimakasih kondisi dus udah sobek semua"
hendrayanto161,2022-03-11 12:28:20,9in1,5,"Paket sudah di terima dengan selamat
Makasih mas kurir nya baik banget
Barang sesuai pesanan sekali lagi tanxs"
gedemerdana,2022-03-02 10:36:31,9in1,5,"Harga:murah banget
Kualitas:bagus

barangnya  bagus u/ harga segitu"
a*****n,2022-02-06 19:17:33,9in1,5,"Harga:sesuai
Kualitas:oke
Ketajaman:okeee,pengiriman cepat"
agungwasino,2022-01-31 13:25:59,9in1,4,Packing pada peot tdk dikemas untung brg ok tdk pecah
k*****s,2022-02-03 22:33:26,9in1,5,"Harga:terjangkau
Kualitas:bagus
Ketajaman:cukup tajam"
s*****a,2022-01-06 09:29:01,9in1,5,Barangnya bagus.....................................
tina.mars,2021-12-15 20:34:56,9in1,2,"Harga:Pas
Kualitas:Tidak kokoh dipakai
Ketajaman:Kurang"
j*****a,2021-11-21 05:18:55,9in1,5,"Harga:lumayan
Kualitas:baguss
Ketajaman:sangat bgss

Mkshh barangnya datang dgn selsmat, dan bagus
Hanya saja tdk lengkapi pengaman, langsung kotaknya ssja :(
Tpi tdk mengapa...mkshhhâ˜º"
s*****2,2021-11-11 23:45:05,9in1,4,"Harga:lumayaan
Kualitas:sedang

Brharap dapat colour pink,,tak tau'y walna biluu"
afifahdede,2021-11-06 12:34:49,9in1,5,"Harga:ok
Kualitas:ok
Ketajaman:ok

real picture... banyak variasi kegunaannya"
grosir_ummi85,2021-11-01 14:27:58,9in1,4,"Harga:standar
Kualitas:tutup pecah
Ketajaman:belum dicoba"
s*****5,2021-11-16 18:37:37,9in1,2,"Harga:sdikt mahal
Kualitas:krng bgs saya pikir stenlist ternyata plastik!!!
Ketajaman:bau"
t1n4hh,2021-11-06 14:21:29,9in1,5,"Harga:murah meriah
Kualitas:bgus
Ketajaman:blm dicoba

Alhamdulillah sesuai warna modelnya lucu"
ginasafitri1984,2021-09-30 09:24:43,9in1,5,"Harga:murah
Kualitas:plastik tebal
Ketajaman:tajem jg termyata

Barangnya bagus . .kumplit lah....buat apa ajah....aneka potongan....mudah mudahan awet"
rbotzz,2021-11-07 16:46:08,9in1,5,Pesanan sesuai tapi barang nya tidak di bungkus rapi
y*****n,2021-09-30 14:10:55,9in1,5,"Harga:ok
Kualitas:ok
Ketajaman:ok Packing nya sangat Rawan pecahğŸ™ˆğŸ™ˆ"
1lk1pwkanm,2021-10-15 00:32:48,9in1,5,Bagus banget cuma . Barangpas sampe pecah jdi kecewa
180295_,2021-10-16 10:24:14,9in1,5,Lumayan lah untuk harga segitu.  Pengiriman nya cepat juga.  Terimakasih
hj.wenny,2021-10-11 19:07:23,9in1,5,"Barang sesuai dgn foto nya, bagus pengiriman cepat, rapi,kurir nya baik n ramah"
srinity.c_0,2021-10-22 18:57:16,9in1,5,"Harga:murah
Kualitas:bagus
Ketajaman:bagus

Jujur ini barangny bagus banget,ccok buat ibu"" dirumah yang suka masak"
dayani15,2021-10-13 20:22:15,9in1,5,"Harga:bersahabat
Kualitas:bagus

Barang sesuai...bagus...bagus..bagus...ğŸ‘ğŸ‘ğŸ‘"
pinasty,2021-08-27 10:13:40,9in1,2,Mata Pisau sama alat Tempat mata pisaunya gak ada jadi cuma saringan sama baskomnya aja yg di terima
d*****9,2021-09-14 16:42:52,9in1,1,Ga sesuai dengan yang difoto. Ada yang tidak terkirim. Respon penjual sangat buruk
idasaidah123,2021-09-13 23:22:36,9in1,3,"Kecewa pisau,y hanya satu kata,y ada lima percuma di Bali ga kepake karna ga ada pisau,y"
w*****3,2021-09-30 10:28:42,9in1,5,"Barang bagus,harga terjangkau pengiriman barang cepattt"
indri_03cahyadi,2021-06-02 19:52:40,Warna Random/Acak,5,Murah yah.. lebih kecil dr yang prnh aku beli.. tp ini lebih bagus.. soal nya ada saringan.nya jg.. pokokknya baguss..
siwipujilestari01,2021-07-27 19:52:22,9in1,5,Harga:standart
putryjubaidah,2021-06-18 20:51:30,Warna Random/Acak,5,Monggo diordeerr silahkan ready gaeess
qilaqisti,2021-06-04 11:03:09,Warna Random/Acak,5,"Harga:ok
Kualitas:ok
Ketajaman:ok

Trnyatabeda ya SMA yang udah ada drmh,ini lebih kecil,,tapi ok lah"
adilanadira,2021-05-03 13:28:15,Warna Random/Acak,4,"Harga:murah
Kualitas:tidak sesuai gambar
Ketajaman:bagus"
karelvb,2021-05-16 11:41:13,Warna Random/Acak,3,
astri3592,2021-05-07 12:58:24,Warna Random/Acak,3,"Yg datang yg slide ke 6, jd isi nya ga kumplit, ga 12 in 1, ga ada pengupas nya...tp bahan nya tebal bagus..."
_0xv3a5lw2,2021-04-07 15:55:58,Warna Random/Acak,5,"Harga:murah
Kualitas:bagus

Recomended"
meysha0220,2021-08-23 12:03:19,9in1,5,"Harga:murah
Kualitas:bagus

Barang nya bgus, suka bget deh sma produknyağŸ¥°ğŸ¥°ğŸ¥°trimakasih seller"
fitri_ry,2021-05-27 19:34:34,Warna Random/Acak,5,"Harga:oke
Kualitas:oke
Ketajaman:aq blom coba LG mudah-mudahan tajam ya..."
santisamalayanti,2021-05-23 11:03:31,Warna Random/Acak,5,"Harga:terjangkau
Kualitas:bagus
Ketajaman:ğŸ‘

Pengiriman cepat"
yudiansyah00001,2021-04-08 23:02:23,Warna Random/Acak,4,"Harga:murah
Kualitas:baik
Ketajaman:lumayan

Modelnya beda sama yg d pic ."
cacan_zahra,2021-01-28 12:27:27,Warna Random/Acak,5,"Paketnya sudah sampai, terima kasih"
noorfarah14,2021-05-05 18:52:42,Warna Random/Acak,5,
fitriabulet,2021-04-07 18:47:55,Warna Random/Acak,1,Barang tidak sesuai pesanan
margaretkusuma,2021-02-10 21:57:52,Warna Random/Acak,5,Barangnya sampai dalam keadaan sangat baik. Packingnya juga baik. Thank you Shopeee. Thank you seller. 
nickname_lalalalisa,2021-04-13 19:44:01,Warna Random/Acak,5,
aprilianrini,2021-02-27 16:53:01,Warna Random/Acak,5,"Harga:harga terjangkau sekali
Kualitas:realpict
Ketajaman:tajam"
arsyfaaqilla,2021-04-18 11:45:28,Warna Random/Acak,5,
ria_febria,2021-04-27 17:42:33,Warna Random/Acak,2,"Ngga sesuai di gambar , kecewa "
v*****a,2021-08-12 16:47:13,9in1,1,Tidak sesuai yang di gambar
a*****6,2021-01-25 17:00:51,Warna Random/Acak,4,
oliviahanika,2021-04-08 22:27:43,Warna Random/Acak,5,
d*****0,2021-08-30 20:16:12,9in1,5,"Harga:terjangkau
Kualitas:bagus
Ketajaman:bagus soalnya baru

Dengan harga segitu dapat banyak sangat bermanfaat terimakasih"
q*****a,2021-05-20 08:35:53,Warna Random/Acak,5,
wulansari1014,2021-05-21 20:31:16,Warna Random/Acak,4,
nery.s,2021-02-06 18:22:22,Warna Random/Acak,5,Barang ok lengkap ga da ug kurang..hny box ny aj yg kurang bagus.sdkit lecek
n*****i,2021-06-05 09:09:56,Warna Random/Acak,5,
bearstore.zpt,2021-04-17 12:45:16,Warna Random/Acak,5,
unyrestu06,2021-05-12 21:35:24,Warna Random/Acak,5,
i*****n,2021-05-29 22:21:30,Warna Random/Acak,5,"Harga:terjangkau
Kualitas:bagus
Ketajaman:bagus

dengan alat ini saya bisa membuat kripik untuk camilan anak saya"
nuryh85071,2021-05-19 12:01:15,Warna Random/Acak,5,
mn1ze_wshp6z1xa7hfzblmz5hth9,2021-04-07 16:27:26,Warna Random/Acak,5,"Harga:baik
Kualitas:baik
Ketajaman:bagus

Pokonya aku suka"
nayzala20,2021-05-21 10:26:37,Warna Random/Acak,5,"Harga:baik
Kualitas:baik
Ketajaman:baik

Syg barangnya tidak sprti di gambarnya"
kholilaturrochmaniyah,2021-10-30 16:06:04,9in1,4,
b*****5,2022-03-10 11:49:18,9in1,4,"Harga:murah
Kualitas:Lumayan
Ketajaman:tajam"
x*****3,2022-03-11 13:35:54,9in1,5,Hasil potongannya bagus
asep660882,2022-03-05 14:14:00,9in1,5,lumayan
herysuprayitno2309,2022-02-25 10:18:33,9in1,5,"Harga:sesuai
Kualitas:bagus.."
i*****5,2022-02-10 20:28:35,9in1,4,Wadah nya menyot2
sophie.alicya,2022-02-14 16:57:49,9in1,5,"Harga:muraj
Kualitas:ok
Ketajaman:blm d coba"
amiliasidik89,2022-02-01 21:13:06,9in1,5,Harga:ğŸ‘ğŸ‘ğŸ‘
anita_tobi,2022-01-27 10:42:06,9in1,5,"Ketajaman:Ok
Harga:Lumyan
Kualitas:Ok"
b*****u,2021-12-20 11:51:52,9in1,4,"Harga:murah
Kualitas:lumayan
Ketajaman:lumayan"
nilasari01pku,2021-12-16 18:46:42,9in1,4,Harga:good
ukefadilahhh,2021-11-11 21:12:45,9in1,3,Ada bagian yg patah
abushedeng,2021-11-13 18:21:47,9in1,5,"Harga:khkgc
Kualitas:oylfck
Ketajaman:yoofyoy

Fixjtkykxlxuxlluxxllxxluxuxlluxulxlululu FixjtkykxlxuxlluxxllxxluxuxlluxulxlululuFixjtkykxlxuxlluxxllxxluxuxlluxulxlululu FixjtkykxlxuxlluxxllxxluxuxlluxulxlululuFixjtkykxlxuxlluxxllxxluxuxlluxulxlululu FixjtkykxlxuxlluxxllxxluxuxlluxulxlululuFixjtkykxlxuxlluxxllxxluxuxlluxulxlululu Fixjtkykxlxuxllu"
wizka_najmi_alfuqoha,2021-11-15 16:03:30,9in1,5,Kualitas:Alhamdulillah puas
g*****o,2021-11-12 15:44:29,9in1,5,Barangnya bagusssss bngttttt
r4tyh,2021-09-30 08:06:38,9in1,5,"Harga:murah
Kualitas:lumayan
Ketajaman:lumayan"
fikri11102003,2021-11-11 18:15:08,9in1,2,Kurang bagus barang nya
m*****_,2021-11-13 09:35:42,9in1,5,"Harga:terjangkau......................... 
Kualitas:baik
Ketajaman:mantap..... "
alisulha0325,2021-11-01 17:14:13,9in1,5,"Harga:stamdart
Kualitas:bgs
Ketajaman:bgs

Trma ksh ... Bgs..
Trma ksh trma ksh trma ksh trma ksh trma ksh trma ksh trma ksh trma ksh trma ksh trma ksh trma ksh trma ksh trma ksh trma ksh trma ksh trma ksh trma ksh trma ksh trma ksh trma ksh trma ksh trma ksh trma ksh"
puterinurhayati21,2021-09-21 12:47:00,9in1,5,Kualitas produk baik
g*****h,2021-10-23 17:43:28,9in1,5,"Harga:murah
Kualitas:baguusss
Ketajaman:tajam banget Alhamdulillah

Worth it buat kalian yang mau usaha kentang"
naysilla_olshop,2021-09-17 00:31:06,9in1,4,Gelang
nunung_ulfiani13,2021-10-12 12:37:22,9in1,5,"Harga:murah
Kualitas: baik
Ketajaman:baik"
niaherawati28,2021-04-12 21:40:57,Warna Random/Acak,3,pengemasan lama bgt 
buncut_runcut,2021-09-13 10:51:31,9in1,3,Peelernya gak ada
i*****4,2021-10-27 19:02:47,9in1,5,imutğŸ˜Š
o*****l,2021-07-31 20:46:43,9in1,1,Alas buat serut Gak ada
t*****1,2021-10-14 14:06:00,9in1,1,"GA USAH BELANJA DISINI GAIS, TOKO TIDAK AMANAH MACAM TAI"
retnoprama,2021-08-27 18:41:00,9in1,5,Oke Pokoknya...
f*****0,2021-10-11 13:51:17,9in1,5,"Harga:terjangkau
Kualitas:bagus
Ketajaman:belum dicoba

Worth it sih sama harganya, nice, lucu"
d*****_,2021-10-13 15:19:39,9in1,4,ğŸ¤˜ğŸ¤˜ğŸ‘ğŸ¤˜ğŸ¤˜ğŸ¤˜ğŸ¤˜ğŸ¤˜ğŸ¤˜ğŸ¤˜ğŸ‘ğŸ¤˜ğŸ‘ğŸ‘ğŸ¤˜ğŸ¤˜ğŸ¤˜ğŸ¤˜ğŸ¤˜ğŸ¤˜ğŸ¤˜ğŸ‘ğŸ‘ğŸ‘ğŸ‘ğŸ¤˜ğŸ¤˜ğŸ¤˜ğŸ‘ğŸ¤˜ğŸ¤˜ğŸ‘ğŸ‘ğŸ¤˜ğŸ‘â˜ğŸ‘ğŸ¤˜ğŸ¤˜â˜ğŸ‘ğŸ¤˜ğŸ‘ğŸ¤˜ğŸ¤˜ğŸ¤˜ğŸ¤˜ğŸ¤˜ğŸ¤˜ğŸ¤˜
e*****7,2021-09-27 15:13:17,9in1,5,"Harga:murah meriah
Kualitas:baguss tp belum dicoba sih
Ketajaman:belum dicoba tp sepertinya tajam 

Thanks ya seller"
ernisulistiani55,2021-08-17 00:04:30,9in1,5,Mksh y brg nya bgus puas
m*****4,2021-06-17 18:45:39,Warna Random/Acak,5,"Harga:lumayan
Kualitas:belum di coba
Ketajaman:-"
dinamarianasiburian,2021-09-02 12:04:48,9in1,5,Kualitas bagus..hrga sangt murah
s*****_,2021-10-01 14:44:38,9in1,1,"Harga:abcdef
Kualitas:yshsggsgzgz
Ketajaman:sgsggsgsgssgaba h 123456789

hshshsha"
o*****a,2021-09-27 16:47:39,9in1,4,"Terimakasihâ€¦â€¦â€¦â€¦â€¦â€¦â€¦
Paket sudah sampai dengan aman ,pengiriman juga Cepet"
avocadokyeomi,2021-04-11 11:24:19,Warna Random/Acak,5,"Kualitas:okelahh
Ketajaman:lumayan "
sindydamopolii95,2021-06-06 13:22:58,Warna Random/Acak,5,Semua sesuai pesanan
s*****i,2021-10-09 11:55:21,9in1,5,"Harga:bersahabat
Kualitas:ok"
fennylauvender96,2021-04-29 18:22:04,Warna Random/Acak,4,paket kurang lengkap
tiaranurulhasanah,2021-08-04 19:52:58,9in1,4,Harga:â¸
tast_4.store,2021-02-22 22:57:34,Warna Random/Acak,5,"Barang Oke, Fast Respons.. Makasih SellerğŸ™ğŸ™ğŸ™"
tiaraaput,2021-02-19 21:38:50,Warna Random/Acak,4,Kualitas:â·
caroline.fince11,2021-03-20 17:39:48,Warna Random/Acak,5,"Harga:Standar
Kualitas:Bagus
Ketajaman:Bagus"
atika_yulita,2021-08-11 17:55:04,9in1,2,"produk pecah,, pengemasan tidak aman"
l*****d,2021-09-11 11:30:17,9in1,5,"Kualitas produk baik, harga murah, packing baik, pengirimannya cepet"
aninuryani03,2021-06-03 13:13:02,Warna Random/Acak,5,Kualitas:baik
d*****i,2021-09-11 06:10:25,9in1,5,"Kualitas:pas datang agak sedikit rengattt.. tapi gapapa lah

Pengiriman cepat.. barang recommended bangetttt nihh ğŸ˜ğŸ˜ğŸ˜ barang murah kualitas gak murahan.. syukran Seller â¤ï¸"
juliahusada,2021-05-06 21:11:14,Warna Random/Acak,4,Barang sudah diterima. 
m*****i,2021-04-10 23:48:28,Warna Random/Acak,5,Baguus...ğŸ˜Š
mariyati12,2021-04-10 14:24:09,Warna Random/Acak,5,Bgs bgt sesuai yg saya pesn
w*****t,2021-09-28 12:34:40,9in1,5,"Alhamdulillah,,,,,,,,,,,,,,,,,,, paketnya sudah datang,,,,,,,,,,,,,,,"
lenaa86,2021-09-03 15:22:19,9in1,5,"Harga:murah
Kualitas:ok
Ketajaman:tajam "
a*****a,2021-05-03 11:05:55,Warna Random/Acak,5,"Harga:murah
Kualitas:ok
Ketajaman:ok"
fauzyelbarbazy,2021-04-08 13:23:02,Warna Random/Acak,1,Packing super LAMA
wiskigani,2021-05-05 23:51:14,Warna Random/Acak,5,ğŸ‘ğŸ‘ğŸ‘ğŸ‘ğŸ‘
neviarianti,2021-06-14 17:55:21,Warna Random/Acak,5,"Harga:ğŸ‘ŒğŸ‘ŒğŸ‘Œ
Kualitas:ğŸ‘ğŸ‘ğŸ‘ğŸ‘ğŸ‘
Ketajaman:ğŸ‘ŒğŸ‘ŒğŸ‘Œ"
q*****3,2021-08-21 22:33:46,9in1,5,"Harga:terjangkau murah
Kualitas:okeee
Ketajaman:okee

Paket sudah sampai sesuai pesanan"
liyungka,2021-01-25 18:51:25,Warna Random/Acak,5,"Seller amanaaaaaaaah
Lengkaaaaaaaaaaaap
Mantaaaaaaaaaaaaaap"
t1adani3l,2021-02-19 17:32:49,Warna Random/Acak,5,Pakai ekspedisi ini barang lama smpai
r*****2,2021-09-12 11:57:27,9in1,4,"Harga:murah
Kualitas:bagus 
Ketajaman:belum coba

Pengemasan cepet pengirimannya juga"
t1kxq8b8fr,2021-02-07 17:29:51,Warna Random/Acak,5,Baguus
ernakomala1978,2021-05-27 21:46:13,Warna Random/Acak,5,"Barangnya bagus tebel pisaunya tajem semua, puas pokoknya"
m*****h,2021-05-04 18:31:45,Warna Random/Acak,5,"Pengemasan produk baik, pengemasan produk baik, kecepatan pengiriman baik"
marisa.dody,2021-05-03 19:56:07,Warna Random/Acak,5,"Harga:ok
Kualitas:murah
Ketajaman:ok

Hdjdjdkd bdg djdkdkdhsjdhdhdjdjrjjfjfjfhdhd"
t*****c,2021-04-14 14:59:54,Warna Random/Acak,5,"Harga:terjangkau
Kualitas:bagus
Ketajaman:bagus,,baru di coba buat ngiris kentang

Alhamdulillah yang di tunggu tunggu datang juga.
Mudah mudahan awet buat berikhtiar menjemput rezki ibu rumah tangga."
stnurhalliza,2021-04-07 17:41:44,Warna Random/Acak,5,"Harga:Ok
Kualitas:Ok
Ketajaman:Ok

Mantul ğŸ‘Œ ğŸ‘Œ ğŸ‘Œ ğŸ‘Œ ğŸ‘Œ ğŸ‘Œ ğŸ‘Œ ğŸ‘Œ ğŸ‘Œ ğŸ‘Œ ğŸ‘Œ ğŸ‘Œ ğŸ‘Œ ğŸ‘Œ ğŸ‘Œ ğŸ‘Œ ğŸ‘Œ ğŸ‘Œ ğŸ‘Œ ğŸ‘Œ ğŸ‘Œ ğŸ‘Œ ğŸ‘Œ ğŸ‘Œ ğŸ‘Œ ğŸ‘Œ ğŸ‘Œ ğŸ‘Œ ğŸ‘Œ ğŸ‘Œ ğŸ‘Œ ğŸ‘Œ ğŸ‘Œ ğŸ‘Œ ğŸ‘Œ ğŸ‘Œ ğŸ‘Œ ğŸ‘Œ ğŸ‘Œ ğŸ‘Œ ğŸ‘Œ ğŸ‘Œ ğŸ‘Œ ğŸ‘Œ ğŸ‘Œ ğŸ‘Œ ğŸ‘Œ ğŸ‘Œ ğŸ‘Œ ğŸ‘Œ ğŸ‘Œ ğŸ‘Œ "
s*****m,2021-02-04 00:26:50,Warna Random/Acak,5,"pengirimannya sangat cepat pengemasannya juga cepat bgt, kualitas Produk juga okepengirimannya sangat cepat pengemasannya juga cepat bgt, kualitas Produk juga okepengirimannya sangat cepat pengemasannya juga cepat bgt, kualitas Produk juga okepengirimannya sangat cepat pengemasannya juga cepat bgt, "
rashyakiano,2021-02-04 12:24:13,Warna Random/Acak,5,"Pesanan sudah diterima dengan baik, terima kasih untuk sellernya.."
alshafash.ion,2021-02-22 14:01:00,Warna Random/Acak,5,Pengiriman cepat. Harga relative murah. Kualitas bisa diadu. Buktikan sendiri.
r*****n,2021-05-07 13:36:19,Warna Random/Acak,5,Kecepatan pengiriman produk sangat baik Kecepatan pengiriman produk sangat baik Kecepatan pengiriman produk sangat baik Kecepatan pengiriman produk sangat baik Kecepatan pengiriman produk sangat baik Kecepatan pengiriman produk sangat baik Kecepatan pengiriman produk sangat baik Kecepatan pengiriman
annisaintannuraini,2021-05-10 20:21:55,Warna Random/Acak,5,Baguuus terimakasiihhhhhhhhhhhhhhgghhhjjjjjjj!!!!!!
h*****a,2021-04-07 22:14:23,Warna Random/Acak,5,ğŸ™ƒğŸ™ƒğŸ™ƒğŸ™ƒğŸ™ƒğŸ™ƒğŸ™ƒğŸ™ƒğŸ™ƒğŸ™ƒğŸ™ƒğŸ™ƒğŸ™ƒğŸ™ƒğŸ™ƒğŸ™ƒğŸ™ƒğŸ™ƒğŸ™ƒğŸ™ƒğŸ™ƒğŸ™ƒğŸ™ƒğŸ™ƒğŸ™ƒğŸ™ƒğŸ™ƒğŸ™ƒğŸ™ƒğŸ™ƒğŸ™ƒğŸ™ƒğŸ™ƒğŸ™ƒğŸ™ƒğŸ™ƒğŸ™ƒğŸ™ƒğŸ™ƒğŸ™ƒğŸ™ƒğŸ™ƒğŸ™ƒğŸ™ƒğŸ™ƒğŸ™ƒğŸ™ƒğŸ™ƒğŸ™ƒğŸ™ƒğŸ™ƒğŸ™ƒ
mazizpebriyanto,2021-06-02 17:30:08,Warna Random/Acak,5,Alat pengupasnya dari bahan plastik
a*****t,2021-04-05 19:33:07,Warna Random/Acak,3,"Barang dikirim dalam keadaan seperti difoto, tanpa bungkus atau plastik. Saya tau utk tambah bubble wrap, ada tambah biaya tp klo customer tdk minta utk tambah bubble wrap &  tdk ada tambah biaya, apakah tdk dikemas lagi dg plastik atau sejenis nya ? "
t*****6,2021-02-07 13:59:30,Warna Random/Acak,3,Yg bisa di pke cuman yg iris tipis untung motong ama yg gerigi hasil nya jelek malah kayak ngerusak bentuk. Payah motong nya entah krn gk tajem apa gimana mata pisau nya
h*****i,2021-06-03 11:09:28,Warna Random/Acak,5,Pengiriman standar.... barang oke.... Sesuai dengan harga
r*****i,2021-04-29 20:38:57,Warna Random/Acak,5,oke mksih .....................mmnnmnnbbjhbhhababahhhbhajajbbbbhasggsvsshjahagggabbabajajgzczvgahqjiqjhaha
kasirah1986,2021-06-15 18:21:33,Warna Random/Acak,5,"Harga:ok
Kualitas:ok
Ketajaman:belum dicoba"
d*****6,2021-08-13 20:35:08,9in1,5,"Harga:sesuai
Kualitas:sesuai
Ketajaman:bgus

Bagus pokoknya,sesuai fungsinya..........."
a*****m,2021-05-10 00:36:10,Warna Random/Acak,5,"Harga:lumayan murah
Kualitas:bagus"
nora.natsir97,2021-04-10 14:19:27,Warna Random/Acak,5,Bsbsbdhdhdhhdhdhdhdhdhdhdhxhhxvxbxbxbxbdbxbbxbxbxbxbdbxbxbndndndndndbdbjdhdhdhdhdhd
a*****a,2021-05-06 19:03:54,Warna Random/Acak,5,
sitibarkah0382,2021-02-04 18:14:39,Warna Random/Acak,5,Ok
sitinursadiah27,2021-03-01 10:56:45,Warna Random/Acak,5,Bagus
mmhrinrin,2022-03-07 19:05:30,9in1,5,
s*****3,2022-03-01 17:15:43,9in1,5,
newevelynz,2022-03-05 12:52:39,9in1,5,
nancyangelia01,2022-03-06 14:19:56,9in1,5,
auraningia,2022-03-02 07:13:17,9in1,5,
farhaniazani03,2022-03-02 18:49:37,9in1,5,
ristymail,2022-03-04 14:09:25,9in1,5,
n*****i,2022-03-09 07:20:31,9in1,5,
aristy2812,2022-03-01 21:57:46,9in1,5,
timefrmask_,2022-03-10 13:30:35,9in1,5,
sandra_budiu,2022-03-08 18:46:37,9in1,4,
risaaprilia16,2022-03-09 11:28:08,9in1,5,
t6op0upoac,2022-03-05 21:31:41,9in1,5,
megadhana04,2022-03-03 21:13:38,9in1,4,
r*****i,2022-03-14 11:43:15,9in1,5,
dede_rahmawati567,2022-03-07 15:23:59,9in1,5,
tiaranamirah,2022-03-03 16:58:36,9in1,3,
ranimahsiwabessy,2022-03-08 00:14:27,9in1,5,
crita_nilo,2022-03-06 21:48:54,9in1,5,
arvie_ipit,2022-03-05 14:10:43,9in1,5,
deasetiawati151,2022-03-08 10:11:59,9in1,4,
7dozgdt094,2022-03-12 12:51:30,9in1,5,
a*****8,2022-03-13 13:27:03,9in1,5,
lindazuardi,2022-03-04 16:36:44,9in1,5,
khepet93,2022-03-07 19:32:42,9in1,5,
adisadinandira,2022-03-02 00:02:42,9in1,4,
g*****r,2022-02-24 14:28:59,9in1,5,
melatisalim,2022-03-06 17:38:07,9in1,5,
nnda.ptri,2022-03-09 18:43:30,9in1,5,
,2022-03-11 20:28:55,9in1,5,
dyhkj4_bq4,2022-03-11 23:30:31,9in1,5,
n*****0,2022-03-13 21:19:52,9in1,5,
u*****r,2022-03-13 11:45:37,9in1,5,
dheaangrainicantik,2022-03-13 22:50:59,9in1,5,
mrafi69xxx,2022-03-08 11:20:10,9in1,5,
b*****t,2022-03-02 17:51:14,9in1,5,
mariaveronicacitra,2022-03-07 13:42:38,9in1,5,
vennymarlina180,2022-03-10 17:25:25,9in1,5,
idahsumidah436,2022-03-12 11:06:41,9in1,5,
syifa_31,2022-03-12 12:55:36,9in1,5,
hillya2021,2022-03-12 16:49:22,9in1,5,
mohamedsufyan,2022-03-11 17:17:46,9in1,5,
dyhkj4_bq4,2022-03-11 23:30:31,9in1,5,
1*****a,2022-03-12 20:59:23,9in1,5,
hillya2021,2022-03-12 16:49:22,9in1,5,
y*****w,2022-03-14 21:44:14,9in1,5,
esti160382,2022-03-14 11:54:16,9in1,5,
loeyxshine,2022-02-27 18:13:43,9in1,5,
izdihaar.co_,2022-03-13 13:06:21,9in1,4,
legistin,2022-03-08 22:07:23,9in1,2,
christaline8055,2022-03-13 22:45:16,9in1,1,
1pq5y1nrltzswpv4po22zu6gfkuz,2022-02-26 16:53:03,9in1,5,
melshaadiba120600,2022-03-12 09:22:29,9in1,5,
v*****a,2022-02-22 15:25:50,9in1,5,
qibti25,2022-03-04 09:12:39,9in1,1,
w*****3,2022-02-17 17:06:29,9in1,5,
dinaaa.din,2022-02-19 17:06:51,9in1,5,
buwikdewi,2022-02-25 19:51:10,9in1,5,
zhangbk,2022-02-24 14:54:38,9in1,5,
nadiasumbada,2022-02-15 22:01:43,9in1,5,
dewi_jatmiki,2022-02-24 15:30:58,9in1,3,
aielattifahhamzah,2022-02-15 06:27:36,9in1,5,
ck4tbg313q,2022-02-24 17:30:59,9in1,1,
hnbl1707,2022-02-15 19:30:27,9in1,5,
sinarmuliabatik1978,2022-02-14 00:19:39,9in1,5,
mawar270721,2022-02-22 19:18:30,9in1,5,
nhenyajjo,2022-02-10 18:15:00,9in1,5,
natalishop88,2022-02-09 18:59:21,9in1,5,
tokoilham_jak,2022-02-17 14:43:45,9in1,5,
idahfaujiati,2022-02-09 22:17:36,9in1,5,
ojimubaroq_07,2022-02-09 16:16:49,9in1,3,
fitrikasari91,2022-02-08 22:01:18,9in1,5,
sagitamaelanisaputri,2022-02-11 10:25:04,9in1,5,
adisfadila_22,2022-02-14 22:41:52,9in1,5,
arkha27_yt,2022-02-08 11:36:55,9in1,5,
antostore_07,2022-02-09 15:36:56,9in1,5,
yeniariska1212,2022-02-11 11:10:33,9in1,5,
asmaw07,2022-02-04 21:21:12,9in1,4,
n*****s,2022-02-12 22:23:24,9in1,5,
priskillawk,2022-02-01 20:32:35,9in1,5,
sri_agustina28,2022-02-04 13:12:22,9in1,5,
tuti2303,2022-02-02 17:07:33,9in1,5,
ai.nurhayati00,2022-02-11 01:49:35,9in1,5,
catur_agus_merdeko,2022-02-04 22:55:37,9in1,5,
buleraja120821,2022-02-09 17:33:42,9in1,5,
a*****s,2022-02-04 17:45:42,9in1,5,
windyep10,2022-02-04 19:40:24,9in1,4,
dhieagnes,2022-02-01 05:15:36,9in1,5,
verlineceline,2022-01-27 21:02:45,9in1,3,
fashioncasehp,2022-01-29 01:18:46,9in1,5,
rainyseaval,2022-02-07 21:44:24,9in1,5,
serampasagrotani89,2022-02-02 11:45:15,9in1,5,
selly_gita.ri,2022-01-23 23:40:52,9in1,3,
iraashintadewi,2022-01-30 10:09:49,9in1,5,
wempie.lie,2022-02-02 19:21:03,9in1,5,
dede8wiyanti,2022-01-21 17:12:50,9in1,5,
goyzprasetya,2022-01-17 17:15:52,9in1,5,
k*****l,2022-01-23 16:41:05,9in1,5,
adriansyah_ravindra,2022-01-20 10:52:19,9in1,5,
winawatihdyt,2022-01-26 15:37:17,9in1,5,
ridaasifaa,2022-01-25 14:08:23,9in1,4,
arw5lcnccy,2022-01-23 19:54:52,9in1,5,
radityaedwin,2022-01-22 22:33:34,9in1,5,
elisa0304,2022-01-13 17:34:18,9in1,5,
ecqahackatralalaa,2022-01-12 10:11:28,9in1,5,
allgirlswant_id,2022-01-10 15:37:41,9in1,5,
a*****8,2022-01-13 09:15:23,9in1,5,
mbahtamex3,2022-01-22 13:27:20,9in1,5,
umiiyayusupartini,2022-01-11 19:28:52,9in1,5,
veganadia98,2022-01-06 11:32:35,9in1,5,
ocyrosyanti,2022-01-01 22:58:17,9in1,5,
welin_ratnasari,2022-01-05 23:33:44,9in1,5,
susilawati537,2022-01-02 22:20:26,9in1,5,
miaherawati,2022-01-01 23:29:02,9in1,5,
rinaadarma,2022-01-12 14:57:16,9in1,5,
putriprima300695,2021-12-28 20:41:31,9in1,5,
rivadewi28_,2022-01-10 03:49:53,9in1,5,
atyasw,2022-01-04 14:41:11,9in1,5,
verunadeandra,2022-01-08 20:34:49,9in1,5,
sieen18,2022-01-08 13:22:01,9in1,3,
t*****9,2021-12-30 13:16:33,9in1,4,
hansliam89,2021-12-20 04:58:50,9in1,5,
i*****1,2021-12-23 17:27:33,9in1,5,
hopebies.shoppu,2022-01-03 23:18:17,9in1,5,
l*****i,2021-12-22 16:49:27,9in1,5,
indrinurmalaputriindrinu,2022-01-01 16:39:58,9in1,4,
s*****l,2021-12-23 20:11:22,9in1,5,
reni_sukmawati.,2021-12-28 18:09:34,9in1,3,
triyasndr,2021-12-29 01:26:02,9in1,5,
nt7r0x0i0f,2022-01-04 01:26:29,9in1,5,
wendaf,2021-12-17 13:09:27,9in1,5,
alikazafran,2021-12-16 21:40:55,9in1,5,
myallnew17,2021-12-23 15:37:19,9in1,5,
sr2223,2021-12-26 06:19:49,9in1,5,
abimanyuprata,2021-12-20 12:06:41,9in1,5,
gonelmif,2021-12-20 08:56:23,9in1,4,
fifi060893,2021-12-18 15:12:54,9in1,5,
eviraidaaa,2021-12-26 13:09:14,9in1,5,
mellynayp,2021-12-10 23:41:39,9in1,5,
gentagendisfashion,2021-12-09 17:15:57,9in1,5,
rilafikhi_collection,2021-12-19 09:26:31,9in1,5,
wulan_onenk,2021-12-06 20:39:13,9in1,5,
fitryagnia,2021-12-23 17:52:54,9in1,3,
hartatiteti1976,2021-12-09 13:52:35,9in1,5,
ranup,2021-12-08 12:36:56,9in1,4,
acikhesty,2021-12-09 10:42:18,9in1,5,
nuraidaatha,2021-12-11 00:47:54,9in1,5,
wisnu.ramadhan26,2021-12-22 16:20:29,9in1,5,
indyw,2021-12-16 19:07:26,9in1,2,
emir_d95,2021-12-05 23:09:29,9in1,5,
melindaayu0705,2021-12-17 10:03:06,9in1,5,
fettasati,2021-12-09 13:56:31,9in1,5,
andro86,2021-11-30 22:34:25,9in1,5,
wifi7ksqur,2021-12-15 17:22:04,9in1,5,
aaraffasya,2021-12-16 06:47:24,9in1,4,
aprilianafitriani448,2021-12-16 01:01:13,9in1,5,
sulystya12,2021-11-27 14:28:45,9in1,5,
inguilee,2021-11-27 00:09:59,9in1,4,
gitawulan01,2021-11-26 16:01:53,9in1,5,
agnesstvlyna,2021-11-25 16:51:49,9in1,5,
queena.nana,2021-11-30 14:25:13,9in1,5,
triayoe,2021-11-25 08:19:37,9in1,5,
asriseptianti27,2021-11-25 09:41:30,9in1,5,
stockist_nasa_aa2934,2021-12-07 18:39:53,9in1,5,
tytuppysophie,2021-11-18 21:57:36,9in1,5,
uum567,2021-11-24 18:19:46,9in1,5,
windyfitriani12,2021-11-23 10:47:52,9in1,5,
ridwankeliat,2021-12-02 13:48:27,9in1,5,
teguhtogol,2021-11-18 22:47:13,9in1,5,
malaleen,2021-11-17 10:07:33,9in1,4,
sitifikriah20,2021-11-17 13:36:26,9in1,5,
fiii.naaa,2021-11-27 19:30:20,9in1,4,
feninurrizkiyani,2021-11-28 20:34:31,9in1,5,
malaleen,2021-11-16 17:39:10,9in1,4,
ine_pelealu,2021-11-16 22:58:03,9in1,5,
graciahr,2021-11-17 18:46:48,9in1,5,
vianty_liku,2021-11-17 21:27:28,9in1,5,
bettyrostika,2021-11-19 07:06:26,9in1,4,
layahmaearra,2021-11-14 16:03:08,9in1,5,
iyutpasaribu,2021-11-16 12:22:09,9in1,5,
tintinheru,2021-11-19 13:52:06,9in1,5,
deaaaaaaa.s,2021-11-22 13:13:32,9in1,5,
amniidwiiputrii,2021-11-24 23:56:35,9in1,5,
ana.matiana,2021-11-19 22:56:59,9in1,5,
a*****a,2021-11-13 08:05:40,9in1,5,
wahyou22,2021-11-28 17:21:15,9in1,5,
supinipini688,2021-11-11 14:03:50,9in1,5,
d*****h,2021-11-08 09:05:26,9in1,4,
3415309sry,2021-11-11 15:28:37,9in1,5,
agungwiwik,2021-11-16 12:42:31,9in1,4,
honolulufood,2021-11-05 10:37:04,9in1,5,
oaraxgc1bs,2021-11-25 14:31:10,9in1,5,
nayur1,2021-11-24 18:56:09,9in1,5,
uniita_umarella,2021-11-16 12:42:34,9in1,5,
vidyahanamalia,2021-11-01 19:59:26,9in1,5,
itamutia,2021-11-03 21:21:05,9in1,5,
herawati.kosim,2021-10-27 21:35:33,9in1,5,
megananda_g,2021-10-29 00:13:46,9in1,5,
aaf_store2127,2021-10-29 19:49:19,9in1,5,
cungkr07,2021-11-17 22:50:24,9in1,4,
eka_saktiyanti,2021-10-28 20:54:48,9in1,5,
imasmelatii,2021-11-04 23:21:39,9in1,4,
snjwa,2021-11-15 22:43:25,9in1,5,
rahmah_elyunusyah10,2021-11-06 22:40:26,9in1,5,
rinvianiindriyani,2021-11-01 19:41:07,9in1,5,
sufi_indrayani6,2021-11-17 11:09:25,9in1,5,
izunnikmah,2021-11-18 12:41:32,9in1,5,
jeanbowz2231,2021-10-21 17:18:19,9in1,5,
kamaliyaputri,2021-11-14 16:54:41,9in1,5,
ayunietriamalia,2021-10-17 13:25:06,9in1,5,
r*****6,2021-10-17 19:48:52,9in1,5,
kamariazka29,2021-10-22 10:59:39,9in1,5,
u*****e,2021-10-18 19:57:32,9in1,5,
windaritonga,2021-10-20 14:52:52,9in1,5,
enypuji2807,2021-10-17 12:38:45,9in1,5,
aevipratiwi,2021-11-05 16:36:37,9in1,5,
septianifitri03,2021-10-13 10:44:18,9in1,5,
mutmainna119,2021-11-14 14:28:13,9in1,5,
jems77,2021-10-22 14:01:45,9in1,5,
aseplaban,2021-10-29 21:32:57,9in1,5,
a*****5,2021-10-20 13:05:04,9in1,5,
nurkhuzaimah20,2021-10-08 15:56:18,9in1,5,
f*****n,2021-11-05 17:29:18,9in1,5,
yayugotix,2021-10-29 16:24:38,9in1,5,
angelicaxu,2021-10-14 12:05:44,9in1,4,
andihajar80,2021-10-17 11:44:45,9in1,5,
danishabdilah,2021-10-17 17:16:05,9in1,5,
dellanydidi,2021-09-14 23:49:04,9in1,5,
erica.nurmala,2021-10-07 10:17:08,9in1,5,
titisizatin,2021-10-08 12:26:15,9in1,5,
b*****2,2021-11-08 21:17:19,9in1,4,
e*****i,2021-10-05 16:56:10,9in1,5,
wulanwenny,2021-10-18 19:40:49,9in1,4,
l*****_,2021-10-17 23:05:58,9in1,5,
maruffirrmansyah,2021-10-12 12:14:41,9in1,4,
nurbayyinah15,2021-10-13 17:46:25,9in1,5,
putrinairiyah,2021-11-13 07:40:28,9in1,3,
nengamoy13345,2021-11-06 11:25:52,9in1,5,
desitapuspa799,2021-11-11 20:50:00,9in1,5,
rusdiyana17,2021-09-07 21:14:42,9in1,5,
indirukmana5997,2021-11-05 09:23:13,9in1,5,
ineskarrina,2021-10-02 12:54:49,9in1,5,
rusdiyana17,2021-09-04 23:08:36,9in1,5,
rawrebelr_____,2021-11-01 11:43:49,9in1,5,
rusdiyana17,2021-09-02 13:40:10,9in1,5,
hermaniasuhada325,2021-11-10 15:05:35,9in1,5,
asriasun,2021-10-21 08:44:24,9in1,5,
veronicatjung98,2021-10-13 19:21:10,9in1,4,
d*****9,2021-10-07 14:01:55,9in1,4,
mayatrifani,2021-09-22 15:52:26,9in1,5,
djayantikh,2021-10-20 16:18:03,9in1,5,
intanviks,2021-09-30 23:52:46,9in1,5,
l*****8,2021-10-13 21:49:39,9in1,5,
yossiaryyanti,2021-10-15 18:34:04,9in1,5,
witriandini,2021-10-01 09:24:32,9in1,5,
ariesarinahsamosir,2021-09-28 15:26:31,9in1,5,
awtunasindah,2021-09-18 10:31:52,9in1,5,
aaf12,2021-08-09 21:26:37,9in1,5,
dellanydidi,2021-08-11 08:30:02,9in1,5,
d*****g,2021-10-19 19:44:33,9in1,4,
unhyyyyy123,2021-10-06 08:33:33,9in1,5,
niladewi1985,2021-09-17 14:41:56,9in1,5,
anitaandayanii,2021-10-01 17:58:09,9in1,4,
cikpuan_berkah25,2021-09-20 23:53:37,9in1,5,
hestu,2021-10-05 02:08:35,9in1,5,
devivi6,2021-10-01 18:52:47,9in1,5,
diniardianty,2021-09-24 22:50:50,9in1,5,
yenichar,2021-09-25 08:28:23,9in1,4,
raisanazma,2021-09-15 17:21:14,9in1,5,
gianalestari2,2021-10-10 01:39:09,9in1,3,
miaoktariyasagitri,2021-10-14 20:10:28,9in1,5,
lailatul.mualifah,2021-09-13 18:44:14,9in1,5,
aboy_1105,2021-09-13 23:04:26,9in1,5,
sitimainah21,2021-09-12 18:31:42,9in1,5,
d*****0,2021-09-09 23:37:43,9in1,4,
bundanya.henna,2021-10-16 13:37:59,9in1,5,
anisskh,2021-09-16 18:03:06,9in1,5,
ullaulle,2021-09-05 22:03:09,9in1,5,
herlis1103,2021-02-15 12:07:26,Warna Random/Acak,5,
muhammadyudhareynaldi,2021-10-06 13:11:49,9in1,5,
meethafennyloph,2021-09-15 18:07:16,9in1,5,
bunda_asg,2021-04-08 14:55:43,Warna Random/Acak,5,
bunda_asg,2021-04-08 14:55:55,Warna Random/Acak,5,
bunda_asg,2021-04-05 18:09:48,Warna Random/Acak,5,
heti_07,2021-10-08 18:02:02,9in1,5,
herlis1103,2021-02-15 12:08:15,Warna Random/Acak,4,
aaqeu,2021-09-12 11:34:02,9in1,5,
christine07,2021-09-11 20:08:36,9in1,5,
leniselvia21,2021-09-01 21:02:00,9in1,5,
mynameisbundakrisna123,2021-10-23 23:08:52,9in1,3,
ebdhy1987,2021-10-07 16:10:19,9in1,5,
y*****2,2021-08-30 22:56:03,9in1,5,
chepoetaeasr,2021-09-09 15:49:50,9in1,5,
janetsr,2021-08-27 13:18:00,9in1,5,
hilda_syafitri,2021-09-26 12:00:37,9in1,5,
marcemfh25,2021-09-09 22:50:11,9in1,5,
sisdel,2021-08-25 18:11:48,9in1,5,
bundasabrina12,2021-09-16 22:02:40,9in1,5,
sasmayaid,2021-10-16 09:36:29,9in1,5,
s*****7,2021-08-28 21:58:53,9in1,5,
amas.masitoh86,2021-09-13 10:03:30,9in1,5,
firlanaizaty,2021-10-20 09:46:59,9in1,4,
r*****1,2021-08-25 23:54:47,9in1,5,
muaaza01,2021-10-15 08:28:21,9in1,4,
gendiswanodyayu,2021-09-08 05:26:31,9in1,5,
pinkerbella_accessories,2021-08-21 14:03:46,9in1,5,
cempakapramugianti.cp,2021-09-29 16:48:37,9in1,5,
annisa_khoiroh,2021-08-20 14:41:43,9in1,5,
defrog123,2021-09-10 01:59:23,9in1,5,
arinynoviasary,2021-09-03 13:05:21,9in1,5,
tri_pujawati01,2021-09-05 18:16:18,9in1,5,
renirahayu27,2021-02-28 06:50:00,Warna Random/Acak,5,
facihuy,2021-09-02 17:11:08,9in1,5,
abayhoe,2021-09-04 23:19:13,9in1,5,
sulsulsul,2021-04-21 12:37:48,Warna Random/Acak,5,
sulsulsul,2021-04-07 21:02:04,Warna Random/Acak,5,
maharani.dafania23,2021-10-16 12:17:08,9in1,5,
dapoeripoh,2021-08-14 21:35:31,9in1,5,
amelmwdh,2021-08-15 17:36:19,9in1,5,
annainsan02,2021-09-23 20:22:19,9in1,4,
rudiericardohrp,2021-09-15 21:35:15,9in1,5,
nianute18,2021-08-18 01:12:10,9in1,5,
2004_1992,2021-08-13 06:02:33,9in1,5,
anis.laili23,2021-09-09 15:29:43,9in1,5,
agbyzoy,2021-08-28 23:26:52,9in1,5,
aminawat2501,2021-09-15 16:44:42,9in1,5,
bakibi,2021-08-30 14:00:57,9in1,5,
belindasyavira,2021-08-09 05:55:20,9in1,5,
lonaeyore,2021-09-01 23:25:07,9in1,5,
mardiatun2011,2021-09-13 13:52:53,9in1,5,
fangaby,2021-08-09 12:28:45,9in1,5,
febrianicantik,2021-10-07 20:32:30,9in1,3,
d*****a,2021-08-08 19:59:03,9in1,5,
wimabalinese,2021-09-16 20:21:48,9in1,5,
2jeje,2021-09-14 14:03:16,9in1,4,
evinuraeni74,2021-08-08 19:12:02,9in1,5,
ewidya12,2021-08-04 10:44:09,9in1,5,
riskayuli1234,2021-08-04 16:16:56,9in1,5,
aryokennar,2021-09-03 14:02:53,9in1,5,
destramdani,2021-08-20 19:16:14,9in1,5,
n*****u,2021-07-31 11:56:24,9in1,5,
isnataurus13,2021-08-19 13:23:14,9in1,5,
dian_dania2211,2021-08-08 17:43:45,9in1,5,
akiau234,2021-07-29 18:43:12,9in1,4,
yuyun.wahyuni05,2021-08-16 23:55:08,9in1,5,
icah90,2021-09-13 08:47:49,9in1,5,
a*****6,2021-08-27 09:02:22,9in1,4,
imeldari1212,2021-08-15 22:45:31,9in1,5,
lilisuriyani04122015,2021-09-20 10:25:04,9in1,5,
mirasitimariyyah,2021-08-10 15:35:21,9in1,5,
ayukrisma15,2021-08-10 12:03:20,9in1,5,
e150686,2021-10-13 14:43:54,9in1,5,
nuryanafitri,2021-08-17 12:45:19,9in1,4,
nani.n,2021-08-04 13:51:31,9in1,5,
dyxsyn,2021-09-20 09:08:19,9in1,5,
kusyantirafa,2021-10-14 20:52:38,9in1,4,
anisamille,2021-06-15 13:58:55,Warna Random/Acak,5,
rbintang21,2021-06-16 17:22:05,Warna Random/Acak,5,
fakhirars,2021-06-17 13:03:48,Warna Random/Acak,5,
initcheck,2021-06-09 23:27:27,Warna Random/Acak,5,
gdelina,2021-06-06 21:15:53,Warna Random/Acak,5,
s*****h,2021-06-05 21:26:41,Warna Random/Acak,5,
gidebora222,2021-06-05 12:57:10,Warna Random/Acak,5,
69xu2ghsmo,2021-10-05 11:18:59,9in1,5,
savitri_77,2021-06-02 12:51:22,Warna Random/Acak,5,
tase.outfit,2021-05-30 10:40:53,Warna Random/Acak,5,
lariz_store001,2021-05-28 21:18:09,Warna Random/Acak,5,
brbapparel,2021-05-23 21:17:26,Warna Random/Acak,5,
dewiacau,2021-05-20 15:52:46,Warna Random/Acak,5,
y*****c,2021-05-16 09:41:19,Warna Random/Acak,5,
k*****3,2021-05-09 12:35:44,Warna Random/Acak,5,
deswita.rizkyaulia,2021-05-10 12:28:07,Warna Random/Acak,5,
rinealfi92,2021-05-07 15:47:41,Warna Random/Acak,5,
amalia_arisandi,2021-05-08 17:36:19,Warna Random/Acak,5,
ns012,2021-05-08 07:35:18,Warna Random/Acak,5,
megaaok,2021-05-02 10:31:27,Warna Random/Acak,5,
megaalit,2021-05-03 16:17:38,Warna Random/Acak,5,
juliadesign_,2021-05-05 19:04:55,Warna Random/Acak,5,
gabyangelique,2021-04-30 21:06:25,Warna Random/Acak,5,
n0v1a12345,2021-05-02 18:03:59,Warna Random/Acak,5,
dewiaprilyanti,2021-09-15 19:27:14,9in1,5,
sri_kayah_utami,2021-04-22 13:42:21,Warna Random/Acak,5,
rasendria.store,2021-04-22 00:20:07,Warna Random/Acak,5,
dwiwindiana,2021-04-16 22:28:03,Warna Random/Acak,5,
idyoung,2021-04-12 05:10:02,Warna Random/Acak,5,
wiwin86,2021-04-08 10:10:13,Warna Random/Acak,5,
aliciafujiani,2021-04-07 20:03:42,Warna Random/Acak,5,
i*****8,2021-04-10 17:32:36,Warna Random/Acak,5,
soaraya,2021-04-09 16:08:08,Warna Random/Acak,5,
yeni_wh,2021-04-05 15:17:50,Warna Random/Acak,5,
bilah.shopp,2021-04-05 15:40:30,Warna Random/Acak,5,
h*****t,2021-03-31 15:08:16,Warna Random/Acak,5,
dzikta.store,2021-03-29 17:25:49,Warna Random/Acak,5,
juliasarahrangkuti,2021-03-01 15:43:24,Warna Random/Acak,5,
shevara18,2021-02-12 18:10:22,Warna Random/Acak,5,
erivayakub,2021-02-14 15:18:25,Warna Random/Acak,5,
exhyun,2021-02-14 19:51:01,Warna Random/Acak,5,
novi_mhr0308,2021-02-10 16:03:01,Warna Random/Acak,5,
keinara_hergia,2021-02-10 17:05:39,Warna Random/Acak,5,
fitryaniazis,2021-02-22 09:11:55,Warna Random/Acak,5,
gustiendhyni,2021-02-24 14:59:07,Warna Random/Acak,5,
shevara18,2021-02-12 18:10:22,Warna Random/Acak,5,
erivayakub,2021-02-14 15:18:25,Warna Random/Acak,5,
i.mareetha,2021-02-21 21:29:17,Warna Random/Acak,5,
meebee1901,2021-02-03 22:24:18,Warna Random/Acak,5,
novi_mhr0308,2021-02-10 16:03:01,Warna Random/Acak,5,
exhyun,2021-02-14 19:51:01,Warna Random/Acak,5,
munyukers,2021-02-06 18:25:55,Warna Random/Acak,5,
keinara_hergia,2021-02-10 17:05:39,Warna Random/Acak,5,
sochaby,2021-04-30 19:12:58,Warna Random/Acak,5,
viviwahyuni,2021-01-31 14:11:45,Warna Random/Acak,5,
mei14ang,2021-02-02 18:31:50,Warna Random/Acak,5,
sifaotk07,2021-09-15 19:51:34,9in1,5,
alfialfauzia,2021-08-19 16:36:58,9in1,5,
h*****a,2021-07-27 13:56:32,9in1,5,
shurim,2021-05-07 00:33:23,Warna Random/Acak,5,
j*****i,2021-05-02 12:18:23,Warna Random/Acak,5,
kiky_,2021-02-24 21:23:47,Warna Random/Acak,5,
dahliana22,2021-02-03 17:41:26,Warna Random/Acak,5,
b*****i,2021-08-26 19:42:15,9in1,1,
dhiejahsyaqib,2021-07-30 22:55:02,9in1,5,
rahma_wati71,2021-04-10 05:41:39,Warna Random/Acak,5,
muhamad_raafi,2021-09-10 18:19:35,9in1,4,
ros242103,2021-10-08 01:22:31,9in1,2,
happycristiani3316,2021-07-22 18:04:46,9in1,5,
rendyekopramono,2021-09-04 10:43:39,9in1,3,
irmasimanjorang,2021-05-07 19:54:28,Warna Random/Acak,4,
derrenkaren,2021-05-12 19:44:31,Warna Random/Acak,4,
rizkanurfilaeli,2021-02-02 06:02:41,Warna Random/Acak,5,
oomfauziahfuzi,2021-09-03 00:06:53,9in1,5,
rosalinaarma,2021-05-04 06:22:35,Warna Random/Acak,5,
arik33,2021-09-15 13:24:08,9in1,5,
dina30496,2021-10-10 08:46:21,9in1,4,
depad_,2021-09-17 08:20:49,9in1,5,
windi_darrell,2021-09-19 13:07:15,9in1,5,
lusi_septiani,2021-03-31 19:50:56,Warna Random/Acak,5,
a*****n,2021-05-10 17:20:02,Warna Random/Acak,5,
utinekiya1,2021-05-05 09:26:45,Warna Random/Acak,5,
ronaemeliasitepu,2021-07-26 15:18:17,9in1,5,
id6744_00851,2021-02-10 20:26:06,Warna Random/Acak,4,
jesetaliu,2021-01-30 21:15:10,Warna Random/Acak,5,
s*****1,2021-10-10 19:52:54,9in1,3,
fadilahfawwaz,2021-04-08 13:12:49,Warna Random/Acak,5,
citioshop,2021-02-05 07:34:34,Warna Random/Acak,4,
rose_puspita,2021-04-25 10:23:33,Warna Random/Acak,4,
sitirahmah_79,2021-09-12 20:48:34,9in1,5,
k*****q,2021-02-12 08:31:50,Warna Random/Acak,4,
elidhamayanti,2021-08-19 18:42:25,9in1,4,
richofbtc,2021-02-22 16:31:47,Warna Random/Acak,4,
riosaputra02,2021-09-27 23:55:45,9in1,5,
sentyss,2021-08-10 12:54:31,9in1,5,
triwahyuniadeeva,2021-06-18 05:26:54,Warna Random/Acak,5,
f*****i,2021-06-17 16:28:04,Warna Random/Acak,5,
18sita,2021-06-17 11:04:24,Warna Random/Acak,5,
.nurhasanah,2021-06-10 13:18:07,Warna Random/Acak,5,
febi5863,2021-06-05 06:42:33,Warna Random/Acak,5,
anih.anih,2021-06-05 12:52:10,Warna Random/Acak,5,
endangtrowulan,2021-06-20 09:36:31,Warna Random/Acak,5,
ririendesiantiyaseli,2021-05-31 19:00:38,Warna Random/Acak,5,
hennywitdiastutik,2021-05-30 07:52:35,Warna Random/Acak,5,
novaselyvs,2021-05-28 19:31:48,Warna Random/Acak,5,
mairalagi,2021-05-23 16:04:52,Warna Random/Acak,5,
fennilinda1611,2021-05-21 23:02:09,Warna Random/Acak,5,
bapakmuslim,2021-05-20 11:03:00,Warna Random/Acak,5,
anandapratama23,2021-05-17 22:37:17,Warna Random/Acak,5,
1303nn,2021-05-21 10:29:51,Warna Random/Acak,5,
denayaadhiadilah_14,2021-05-20 14:44:22,Warna Random/Acak,5,
royanitanjung12345,2021-08-13 05:58:32,9in1,5,
yuliana.faris,2021-05-13 04:03:36,Warna Random/Acak,5,
irmaamellia,2021-05-10 14:38:47,Warna Random/Acak,5,
pamesti,2021-05-08 22:18:23,Warna Random/Acak,5,
elsariaani,2021-05-09 15:46:04,Warna Random/Acak,5,
arrie89,2021-05-07 14:16:30,Warna Random/Acak,5,
hari.purnama,2021-05-10 12:10:00,Warna Random/Acak,5,
12ntan01,2021-05-10 07:46:15,Warna Random/Acak,5,
dianrahayunugraheni,2021-05-05 19:56:26,Warna Random/Acak,5,
achnesdedet,2021-05-06 19:48:26,Warna Random/Acak,5,
ursulladwi,2021-05-07 17:04:13,Warna Random/Acak,5,
fitriahaja12,2021-05-04 19:23:28,Warna Random/Acak,5,
junitatriar,2021-05-01 23:44:23,Warna Random/Acak,5,
agita24,2021-04-29 16:27:45,Warna Random/Acak,5,
v*****y,2021-04-27 15:54:56,Warna Random/Acak,5,
floraangelina,2021-04-25 14:52:21,Warna Random/Acak,5,
monicatia11,2021-04-24 23:13:56,Warna Random/Acak,5,
agus_aminudin4,2021-04-28 21:50:40,Warna Random/Acak,5,
rfebrianaa,2021-04-26 20:04:50,Warna Random/Acak,5,
garp_,2021-04-24 18:00:41,Warna Random/Acak,5,
n*****a,2021-04-21 05:51:37,Warna Random/Acak,5,
puspita.2020,2021-04-21 17:14:54,Warna Random/Acak,5,
arie_junita,2021-04-18 21:50:20,Warna Random/Acak,5,
kenesandini,2021-04-19 00:37:54,Warna Random/Acak,5,
leilaseptina,2021-04-17 12:53:53,Warna Random/Acak,5,
muhnoer,2021-04-14 12:18:28,Warna Random/Acak,5,
m*****e,2021-04-11 07:43:48,Warna Random/Acak,5,
andiulfahaeraninur,2021-04-11 17:57:39,Warna Random/Acak,5,
sitinurleila,2021-04-10 15:50:37,Warna Random/Acak,5,
najlanurasy,2021-04-12 12:20:01,Warna Random/Acak,5,
wennyelvera,2021-04-08 20:00:38,Warna Random/Acak,5,
36_o8nlprk,2021-04-11 17:00:49,Warna Random/Acak,5,
ifuel.love,2021-04-09 08:24:45,Warna Random/Acak,5,
wiwiksrirahayu61,2021-04-01 20:55:12,Warna Random/Acak,5,
hexcoz,2021-03-10 20:37:30,Warna Random/Acak,5,
rensika,2021-03-01 15:07:38,Warna Random/Acak,5,
hariantoaqi,2021-02-11 21:20:32,Warna Random/Acak,5,
nur_alfi_maulana,2021-01-31 15:06:31,Warna Random/Acak,5,
winnathe,2021-01-19 19:19:04,Warna Random/Acak,5,
suniti09,2021-01-29 05:29:34,Warna Random/Acak,5,
snayasmin,2021-03-01 16:37:40,Warna Random/Acak,5,
shitomorodcustom,2021-02-23 11:27:00,Warna Random/Acak,5,
ruthsarihandayani,2021-02-23 19:31:06,Warna Random/Acak,5,
asrilenimaharani,2021-01-30 11:17:17,Warna Random/Acak,5,
ithahartini,2021-02-07 19:58:56,Warna Random/Acak,5,
youshe.arco,2021-02-10 14:14:17,Warna Random/Acak,5,
putiuti,2021-01-21 14:39:31,Warna Random/Acak,5,
ninabiansyah,2021-01-27 11:49:42,Warna Random/Acak,5,
prastutimila,2021-02-02 12:44:41,Warna Random/Acak,5,
eftania,2021-02-01 23:22:19,Warna Random/Acak,5,
p*****0,2021-02-05 09:12:22,Warna Random/Acak,5,
krisnabonnza,2021-01-18 12:02:58,Warna Random/Acak,5,
trianggraini884,2021-01-31 14:41:11,Warna Random/Acak,5,
shasyajja,2021-02-05 15:02:08,Warna Random/Acak,5,
seenaoktavianti,2021-02-17 16:39:38,Warna Random/Acak,5,
winnathe,2021-01-19 19:19:04,Warna Random/Acak,5,
suniti09,2021-01-29 05:29:34,Warna Random/Acak,5,
snayasmin,2021-03-01 16:37:40,Warna Random/Acak,5,
nia.yudha,2021-05-20 07:11:21,Warna Random/Acak,5,
lialistiyanti007,2021-05-11 14:05:04,Warna Random/Acak,5,
oppeyluqita95,2021-05-12 20:20:52,Warna Random/Acak,5,
amaliaaini,2021-01-26 23:11:22,Warna Random/Acak,5,
sumiatipamungkas123,2021-04-11 09:25:54,Warna Random/Acak,5,
sriubaidi88,2021-02-15 21:33:34,Warna Random/Acak,5,
tikamu,2021-04-09 22:58:06,Warna Random/Acak,5,
nofelsaida,2021-02-26 12:10:31,Warna Random/Acak,5,
f*****5,2021-05-22 14:19:33,Warna Random/Acak,5,
dwijanini,2021-02-08 13:46:08,Warna Random/Acak,5,
reygunawan,2021-02-14 01:18:28,Warna Random/Acak,5,
alvina0412,2021-06-20 08:10:37,Warna Random/Acak,5,
irmaws11,2021-01-20 06:42:08,Warna Random/Acak,5,
veraastrianti22,2021-04-14 18:06:30,Warna Random/Acak,5,
15heri08,2021-09-18 18:00:46,9in1,4,
harryray,2021-02-10 10:49:02,Warna Random/Acak,5,
ieien88,2021-02-12 17:05:36,Warna Random/Acak,5,
hannyhandayani17,2021-02-25 21:16:15,Warna Random/Acak,4,
hilyafahriyah,2021-09-03 13:37:28,9in1,5,
ruriyanikurniawan,2021-04-08 09:49:59,Warna Random/Acak,4,
bagashermawan15,2021-04-25 12:14:39,Warna Random/Acak,5,
mardiahhh__,2021-04-14 17:44:36,Warna Random/Acak,5,
sarminabc,2021-09-14 13:15:29,9in1,3,
ekachoiruunisa,2021-07-23 12:49:30,9in1,5,
s*****y,2021-09-06 19:34:18,9in1,4,
sribundadaffa,2021-10-01 13:40:29,9in1,5,
suhermibagus253,2021-06-02 20:07:11,Warna Random/Acak,5,
indahrifai17,2021-09-14 19:12:35,9in1,5,
gandang30,2021-02-23 17:43:21,Warna Random/Acak,5,
nabilaillaar,2021-07-30 13:14:54,9in1,5,
nurhida_yani,2021-04-13 00:26:02,Warna Random/Acak,5,
citra.richardo,2021-06-03 08:18:45,Warna Random/Acak,5,
,2021-08-20 12:39:38,9in1,4,
alinsyuh,2021-02-22 23:27:23,Warna Random/Acak,3,
vina_annivolbed,2021-04-01 14:42:49,Warna Random/Acak,5,
yenniherdiani,2021-09-24 05:33:30,9in1,5,
azizahsahlan,2021-01-23 09:19:58,Warna Random/Acak,3,
kussuranto,2021-05-12 14:09:23,Warna Random/Acak,5,
veny.alviani,2021-02-25 15:59:39,Warna Random/Acak,4,
nielshen_17,2021-02-05 21:48:15,Warna Random/Acak,3,
prstu,2021-09-10 12:22:19,9in1,5,
hengkigenolang,2021-05-05 12:58:55,Warna Random/Acak,5,
wiwinwarwiyah,2021-01-25 14:33:46,Warna Random/Acak,4,
nisadmrf,2021-09-10 19:19:06,9in1,5,
marianitaamaniik,2021-02-15 13:15:04,Warna Random/Acak,5,
tinatriwibowo,2021-04-30 20:40:55,Warna Random/Acak,5,
z.nurulkhikmah,2021-04-17 15:45:13,Warna Random/Acak,2,
rizkamang,2021-02-09 14:14:53,Warna Random/Acak,4,
adindaamaliawidiarni002,2021-02-24 11:44:39,Warna Random/Acak,5,
i*****3,2021-03-05 15:48:38,Warna Random/Acak,4,
ragungr,2021-02-25 07:23:45,Warna Random/Acak,5,
megadei,2021-09-07 19:36:52,9in1,5,
natsy70,2021-04-20 17:48:56,Warna Random/Acak,5,
siti__juariah,2021-05-09 03:45:09,Warna Random/Acak,4,
kailasfntn,2021-05-27 10:34:23,Warna Random/Acak,5,
nira_nanik,2021-05-11 16:24:35,Warna Random/Acak,5,
fitrih1510,2021-04-21 19:45:29,Warna Random/Acak,5,
murnihijriani,2021-04-15 18:43:20,Warna Random/Acak,5,
mutiara_dealova,2021-04-15 09:14:56,Warna Random/Acak,4,
djlwq05wxx,2021-05-28 15:51:33,Warna Random/Acak,5,
aviliadarisalmanda,2021-07-22 16:00:19,9in1,5,
nurfarrul,2021-02-19 18:15:30,Warna Random/Acak,5,
lindabundanajma,2021-05-08 20:37:33,Warna Random/Acak,5,
annaaa2102,2021-06-02 00:08:58,Warna Random/Acak,5,
triacintya03,2021-05-20 14:36:57,Warna Random/Acak,5,
habibah_tika,2021-04-30 14:43:56,Warna Random/Acak,5,
kikiandariesta,2021-08-25 17:56:51,9in1,5,
robiatul_06,2021-02-15 14:24:39,Warna Random/Acak,5,
sibiashopp,2021-05-17 10:21:47,Warna Random/Acak,5,
srimurtiniwardoyo,2021-09-07 08:51:01,9in1,3,
damdut16,2021-08-26 17:48:17,9in1,4,
mamacici111,2021-08-24 13:24:02,9in1,5,
v*****n,2021-01-29 12:50:49,Warna Random/Acak,5,
theen_e,2021-06-07 13:50:23,Warna Random/Acak,5,
icha_avril.04,2021-06-07 23:24:06,Warna Random/Acak,5,
toko_al_mughni218,2021-03-31 08:53:14,Warna Random/Acak,5,
teguh_junior10,2021-02-16 12:45:40,Warna Random/Acak,5,
o5w3a5mue4,2021-08-03 17:28:07,9in1,5,
indahelidteaa,2021-05-06 17:28:47,Warna Random/Acak,5,
lyneyoochun,2021-06-30 20:42:25,Warna Random/Acak,5,
inaleeteuk,2021-03-05 07:14:20,Warna Random/Acak,3,
danielrz,2021-03-01 03:15:17,Warna Random/Acak,5,
sajaeniramdaniati,2021-02-02 14:58:20,Warna Random/Acak,5,
triaamanda1416,2021-03-10 20:12:26,Warna Random/Acak,5,
yenimulyasarirohmatullah,2021-08-21 01:50:16,9in1,5,
jihansilviahusein,2021-05-06 05:49:47,Warna Random/Acak,5,
yndk2015,2021-08-17 20:25:20,9in1,5,
fitrifk,2021-05-19 14:19:32,Warna Random/Acak,5,
salmadindaputri,2021-05-21 06:39:04,Warna Random/Acak,4,
rinaym,2021-02-01 15:36:46,Warna Random/Acak,5,
lovablehouse99,2021-06-17 14:48:41,Warna Random/Acak,5,
zaynnawal,2021-09-26 06:39:00,9in1,5,
syamsinarnarsinar,2021-04-23 16:38:46,Warna Random/Acak,5,
puspita_5ari29,2021-03-02 20:00:20,Warna Random/Acak,5,
dimsum220dapurabi,2021-05-12 17:27:10,Warna Random/Acak,5,
nadilacantik,2021-06-04 21:20:41,Warna Random/Acak,5,
nurganung,2021-06-03 11:01:44,Warna Random/Acak,5,
jinggonatalia,2021-05-04 18:36:51,Warna Random/Acak,4,
rjuniwati19,2021-06-07 11:44:06,Warna Random/Acak,5,
ps2iamvwl0,2021-03-04 08:47:19,Warna Random/Acak,5,
eliza_olshop24,2021-06-03 18:07:38,Warna Random/Acak,5,
4bty5yr6uq,2021-09-13 20:09:44,9in1,5,
riekanst,2021-01-24 20:39:27,Warna Random/Acak,5,
rachmi_poe,2021-05-01 13:18:15,Warna Random/Acak,5,
inapd4tfmj,2021-09-12 19:33:25,9in1,5,
h*****9,2021-06-04 16:35:21,Warna Random/Acak,5,
nazilah.87,2021-01-26 18:16:05,Warna Random/Acak,5,
meg4_pratiwi_01,2021-04-16 20:11:56,Warna Random/Acak,5,
apriliaaa2202,2021-08-13 09:01:15,9in1,5,
marwaklah123,2021-04-16 10:30:49,Warna Random/Acak,5,
nuning_qewek,2021-09-21 18:01:54,9in1,5,
niputuksumadewi1986,2021-04-10 21:46:02,Warna Random/Acak,5,
a*****h,2021-05-05 17:49:03,Warna Random/Acak,5,
s*****n,2021-05-10 11:16:34,Warna Random/Acak,3,
sevapanji80,2021-08-16 07:21:07,9in1,4,
d*****1,2021-02-06 12:09:45,Warna Random/Acak,4,
mamaymaysaroh81,2021-05-08 10:25:05,Warna Random/Acak,4,
arumpi.shop,2021-06-13 21:21:12,Warna Random/Acak,5,
nurzamilla,2021-02-12 18:06:47,Warna Random/Acak,5,
fikrie850,2021-09-10 09:39:32,9in1,4,
punungsusanto,2021-02-25 21:25:08,Warna Random/Acak,1,
nurulhana11,2021-05-19 20:43:16,Warna Random/Acak,5,
leowinanto,2021-01-31 13:45:25,Warna Random/Acak,5,
stellafino,2021-09-12 23:27:32,9in1,5,
ayundariranti1234,2021-07-31 11:25:00,9in1,3,
c*****e,2021-05-19 19:34:25,Warna Random/Acak,5,
alifathalla26,2021-06-05 14:41:04,Warna Random/Acak,5,
ikasandi870,2021-06-05 13:01:29,Warna Random/Acak,5,
marsyaa.p,2021-08-12 20:24:11,9in1,5,
dadang_iskandar,2021-05-29 11:41:26,Warna Random/Acak,5,
azhariirsan46,2021-09-02 13:07:33,9in1,4,
evzmamo21,2021-09-04 12:45:15,9in1,4,
kurniawan_deca,2021-05-03 16:12:51,Warna Random/Acak,4,
aufath.nadia_86,2021-04-30 20:06:38,Warna Random/Acak,5,
jx6c_b_vv7,2021-05-29 17:21:45,Warna Random/Acak,5,
isya.umar,2021-04-14 12:47:58,Warna Random/Acak,5,
hamdani707,2021-08-30 18:46:16,9in1,5,
teguh_r2,2021-05-26 17:43:32,Warna Random/Acak,5,
mutiacedan,2021-05-01 23:52:12,Warna Random/Acak,5,
opioktavia1210,2021-03-02 10:06:40,Warna Random/Acak,5,
wiwitakhsaymusyaffa,2021-02-26 07:45:12,Warna Random/Acak,5,
3h9dx1_yw85u65hd_rwaajr2yvbx,2021-05-05 07:54:08,Warna Random/Acak,5,
rindadealani,2021-09-05 08:15:44,9in1,1,
dianasaskia,2021-08-25 12:10:29,9in1,4,
tirtanavirgiantoro,2021-05-03 12:42:26,Warna Random/Acak,5,
tataafi,2021-03-06 19:40:57,Warna Random/Acak,5,
nazar182,2021-08-18 01:17:02,9in1,3,
demankhartanto,2021-07-31 11:34:58,9in1,4,
naryastore25,2021-08-21 08:52:52,9in1,5,
fajarriansyah89,2021-04-17 19:51:06,Warna Random/Acak,5,
izhall_33,2021-08-31 15:25:15,9in1,5,
p*****6,2021-04-29 07:32:05,Warna Random/Acak,5,
syamal1212,2021-05-03 00:45:00,Warna Random/Acak,4,
deen20aja,2021-04-27 08:49:27,Warna Random/Acak,5,
tyna_bangun,2021-03-04 20:15:30,Warna Random/Acak,5,
rizkita_putri0911,2021-05-28 18:39:42,Warna Random/Acak,5,
intannurhibah,2021-05-10 15:45:47,Warna Random/Acak,3,
sitiaisyah542,2021-05-20 17:19:27,Warna Random/Acak,4,
,2021-05-27 07:49:53,Warna Random/Acak,5,
asahmaasehjaya,2021-05-27 09:27:38,Warna Random/Acak,5,
suheti_17,2021-02-15 04:32:55,Warna Random/Acak,5,
ningsyanietz,2021-06-08 17:21:39,Warna Random/Acak,5,
yati_rara,2021-05-25 16:46:10,Warna Random/Acak,5,
hetihijrahwati,2021-01-26 19:16:39,Warna Random/Acak,5,
wulandariathar,2021-03-14 13:18:19,Warna Random/Acak,4,
cahya_putri.14,2021-05-31 14:06:34,Warna Random/Acak,5,
yayang_septiani11,2021-02-27 19:30:20,Warna Random/Acak,5,
gu1pvoh5q2,2021-05-03 10:53:07,Warna Random/Acak,4,
runteaapr,2021-05-21 19:54:43,Warna Random/Acak,5,
yuimidori,2021-02-14 13:54:08,Warna Random/Acak,4,
eyikurniawati123,2021-05-15 18:20:47,Warna Random/Acak,5,
yulindri221,2021-06-19 18:15:00,Warna Random/Acak,5,
naufal3331,2021-04-06 19:30:03,Warna Random/Acak,5,
n*****i,2021-02-12 13:23:05,Warna Random/Acak,5,
nurrekids,2021-02-10 19:16:53,Warna Random/Acak,5,
annisazalva6,2021-02-19 18:10:43,Warna Random/Acak,5,
jbenedict218,2021-01-22 12:07:31,Warna Random/Acak,5,
khomu_store,2021-05-09 22:21:42,Warna Random/Acak,5,
lvff8vwyox,2021-02-28 19:03:40,Warna Random/Acak,5,
een.endang890404,2021-05-05 09:49:53,Warna Random/Acak,4,
heltini1110,2021-05-17 18:14:16,Warna Random/Acak,5,
sisrisaja,2021-05-01 05:58:24,Warna Random/Acak,5,
puspa11puss,2021-07-23 12:01:30,9in1,5,
mundringah04,2021-04-25 20:05:42,Warna Random/Acak,5,
agustinhandayani07,2021-05-28 21:24:09,Warna Random/Acak,4,
shinta_rosadi,2021-04-19 11:54:35,Warna Random/Acak,5,
9zeuhdsr17,2021-04-16 06:29:20,Warna Random/Acak,5,
ratnawulandari4,2021-05-07 22:29:49,Warna Random/Acak,4,
hastisukmapribadi,2021-06-14 13:30:12,Warna Random/Acak,5,
wulansuci0602,2021-03-05 20:48:13,Warna Random/Acak,5,
w0na47l2tn,2021-03-04 16:55:51,Warna Random/Acak,5,
abdan204,2021-06-03 10:16:55,Warna Random/Acak,5,
siti_jasaria92,2021-06-01 12:57:43,Warna Random/Acak,5,
9wbj4ztz36,2021-05-29 08:11:16,Warna Random/Acak,5,
m*****u,2021-05-19 15:46:49,Warna Random/Acak,5,
ravaardian2010,2021-05-11 11:44:11,Warna Random/Acak,5,
t6hhkjso11,2021-05-09 17:55:46,Warna Random/Acak,5,
ajengwldri21,2021-05-06 01:05:37,Warna Random/Acak,5,
77z_l4aix5,2021-05-05 13:28:11,Warna Random/Acak,5,
ardianoarifi,2021-04-30 13:32:47,Warna Random/Acak,5,
irmayanti467,2021-04-27 21:42:44,Warna Random/Acak,5,
sutomoichen,2021-04-17 18:00:22,Warna Random/Acak,5,
trismadwi,2021-04-01 21:52:07,Warna Random/Acak,5,
dinqqqpw1u,2021-04-04 20:45:37,Warna Random/Acak,5,
nanasari80,2021-02-24 21:58:06,Warna Random/Acak,5,
k*****l,2021-05-22 18:19:35,Warna Random/Acak,4,
iendahsari94,2021-04-05 05:29:52,Warna Random/Acak,3,
1qdsuxnohu,2021-04-15 08:16:33,Warna Random/Acak,4,
aneka_camilan99,2021-05-31 17:15:27,Warna Random/Acak,5,
lastri08122931,2021-05-27 19:05:01,Warna Random/Acak,5,
e59ycug0el,2021-05-16 12:50:44,Warna Random/Acak,5,
novialoura,2021-05-05 05:38:37,Warna Random/Acak,5,
b*****6,2021-04-24 16:19:32,Warna Random/Acak,5,
nafisah3107,2021-04-08 23:02:42,Warna Random/Acak,5,
arilianti,2021-02-17 13:38:17,Warna Random/Acak,5,
lila.alfida,2021-02-24 22:22:08,Warna Random/Acak,5,
p*****8,2021-02-09 17:30:57,Warna Random/Acak,5,
